id,train_test,pred_type,class,pred,prob_abiotic,prob_biotic,knn,nbd_bal,lambda.1se,time_kl_shift,fluctanal_prop_r1,diff2_acf1,sd_d18O13C,avg_rR45CO244CO2,total_local_score,opp_class,opp_lambda.1se,opp_time_kl_shift,opp_fluctanal_prop_r1,opp_diff2_acf1,opp_sd_d18O13C,opp_avg_rR45CO244CO2,opp_total_local_score
2961,train,TP,biotic,biotic,0.033,0.967,173,0.6301,0.349291045908087,-1.24119214575224e-05,6.40839953779665,15.9021877261216,-29.6998095561958,245.307531590953,237.918296886754,1,0.5067615014744,-1.37436621238149e-05,5.09061655200021,12.3122431121306,-18.6225252323022,178.556790588202,177.337111276369
2962,train,TP,biotic,biotic,0.1816,0.8184,173,0.6301,0.811383984446425,-1.98801864310437e-05,-0.34851419427691,4.94288344515476,8.30574025665898,-66.083323401032,-53.1832337736816,1,1.07260187624605,-1.5854538404394e-05,0.0541355362352552,3.97468895381252,6.61860197135537,-53.0306163946255,-42.3832057877608
2963,train,TP,biotic,biotic,0.028,0.972,173,0.6301,0.813648090328585,-1.30877514128821e-05,3.63720072383531,8.74171717214885,-9.00985983604103,108.995515316301,112.364560288493,1,0.386548761590858,-1.41083451409326e-05,5.9874950300949,15.0661008177537,-22.3937051758889,214.423495646474,213.083372210089
2965,train,TP,biotic,biotic,0.0124,0.9876,173,0.6301,1.30941743960493,-7.24851915772585e-06,2.61235292960206,4.2410280980475,-5.10832047158514,72.7617072389659,74.5067605465111,1,0.154093809365391,4.46109716686494e-05,10.9811604516079,17.0502030262039,-68.933914755301,316.025556722364,275.123050055846
2966,train,TP,biotic,biotic,0.3101,0.6899,173,0.6301,1.87905067854891,-9.40405969105189e-06,2.48093982212652,-2.92769260496884,3.74572077763904,-28.1070498336693,-24.8080912429323,1,1.56002088474161,-1.09856780922769e-05,2.90958813435191,-3.74329053496055,4.41188628051269,-32.8396405322953,-29.2614676380693
2968,train,TP,biotic,biotic,0.1353,0.8647,173,0.6301,2.56249521360733,-6.62965821836362e-06,1.39180560397941,3.51268142023744,-8.77391956248132,-11.6865244119548,-15.5559635798775,1,2.3348502013632,-7.13370992129886e-06,1.51043242150294,3.82034044839629,-9.29242124699216,-12.8317605219663,-16.7934160327691
2970,train,TP,biotic,biotic,0.0665,0.9335,173,0.6301,0.113051065058372,6.09314579661293e-05,13.0563963902049,18.8461819075297,-112.43531824718,399.160412811727,318.627733793739,1,0.314571304007701,8.72755012300417e-06,7.69323385663311,11.3708632411082,-48.5573309619109,230.358305371291,200.865080234672
2972,train,TP,biotic,biotic,0.0965,0.9035,173,0.6301,0.694177757042277,3.99512971516674e-06,4.05057164262419,10.6771368096257,-15.123350213243,134.168846585231,133.773208819367,1,1.10532729805853,3.96122984797701e-06,2.86142579422046,7.35510288075575,-9.63437137348653,85.9592287936896,86.5413900564091
2973,train,TP,biotic,biotic,0.0141,0.9859,173,0.6301,0.356335706111943,6.58548620941928e-06,6.91064668490843,10.9231570658941,-28.9447887252596,191.153741131685,180.042762742714,1,0.324679824083317,9.4217066419639e-06,7.3212951683139,11.5450589310855,-31.8956613713084,202.945298948716,189.916001098514
2975,train,FN,biotic,abiotic,0.5842,0.4158,173,0.3757,0.818440825103408,8.66171503990334e-05,-0.600659938197138,-4.14897594356921,-21.4876346978459,93.579457578516,67.3422736160542,2,0.105705697349681,0.000252677769515125,-4.20301817692411,-13.8757166192088,-105.093198421288,308.049106835572,184.87742629592
2976,train,TP,biotic,biotic,0.0297,0.9703,173,0.6301,0.701531400528761,-1.25739837005102e-05,4.13281908471056,8.89093938006434,-11.1915895133978,136.21729174933,138.049448126724,1,0.76992984603493,-1.23493075369608e-05,3.85911347758836,8.2684510560374,-9.93181019763962,124.97574653103,127.171488517708
2977,train,TP,biotic,biotic,0.0562,0.9438,173,0.6301,0.26823759372944,1.53173900777008e-05,8.42054280343756,12.9998752135274,-42.1329180263275,285.546579275723,264.83409458375,1,0.0800326356271087,8.954513093583e-05,14.7885264458643,22.1350255680857,-98.6906044169668,525.369841799193,463.602878941307
2978,train,TP,biotic,biotic,0.0489,0.9511,173,0.6301,1.16516665257014,-1.13784036928582e-05,2.74586436053938,6.29512836204095,-13.3319148685481,46.7360073130831,42.4450737887117,1,0.73175861564469,-1.42363574902381e-05,3.90644444693817,9.14653242642215,-22.1977161672672,77.1029660731614,67.958212542897
2979,train,TP,biotic,biotic,0.1289,0.8711,173,0.6301,1.83866275378096,-8.11678250232248e-06,1.86269271986549,-2.46409319178102,4.12454029765984,-12.8359938033316,-9.31286209436975,1,0.548592105113033,-1.38504033710288e-05,4.63206020429762,10.734231094305,-12.3938646941996,-13.1751074689589,-10.2026947149593
2981,train,TP,biotic,biotic,0.1629,0.8371,173,0.6301,0.535138736696738,1.2794958898889e-06,4.76093944055739,10.6060844690182,-12.5215279574332,28.6246521368903,31.4701493685286,1,1.96844350418721,2.65332070142885e-06,0.310279599377399,1.76486006189614,-2.53536379140505,3.73409953030752,3.27387805349672
2983,train,TP,biotic,biotic,0.1101,0.8899,173,0.6301,0.699877012281735,6.71984919140071e-07,4.18489207520804,8.95991355908966,-13.5055235210239,160.463496222779,160.102779008037,1,0.439543161056951,-4.13989021431137e-06,5.78215890726205,12.6631205246399,-25.4536099318418,239.458139736388,232.449805096558
2984,train,TP,biotic,biotic,0.3775,0.6225,173,0.6301,0.152415593798731,6.98170122021645e-05,15.3020565455992,22.0913475562737,-107.56965371983,196.093404987696,125.917225186751,1,0.352099789990258,3.38445985959158e-05,9.36462926547654,13.5838658099063,-59.6564801065289,102.3376931903,65.6297420037526
2985,train,TP,biotic,biotic,0.0691,0.9309,173,0.6301,0.766916724428097,-1.35163055498948e-05,3.78106808588466,8.02423172529854,-10.0557103237294,41.2076190180624,42.9571949892106,1,1.61428619174428,-9.10299467473837e-06,2.10445442473683,4.35986125987644,-4.88676282233821,15.4214753294188,16.9990190886992
2986,train,TP,biotic,biotic,0.0794,0.9206,173,0.6301,0.176522908186416,-5.24412400717018e-05,9.7879437430086,17.9624324678778,-143.610063840384,288.228492831388,172.368752760651,1,0.338555097030998,-2.20658120475768e-05,6.92250452214384,12.552884249157,-91.4246256245832,198.448568588004,126.49930966891
2987,train,TP,biotic,biotic,0.0099,0.9901,173,0.6301,0.108767178793502,7.14414989234067e-05,12.4771205358813,20.7278696853198,-91.0603026410023,372.165730983211,314.310490004908,1,0.439094977958223,2.15156208638184e-06,5.96852102355575,10.0758122965507,-24.1328854506326,166.987684657313,158.899134678349
2988,train,TP,biotic,biotic,0.0606,0.9394,173,0.6301,1.13787806678776,-1.13489867733952e-05,2.78947436989757,-5.49568403729746,6.0987057955239,27.689928173517,31.0824129526542,1,0.784295213641532,-1.35647195670589e-05,3.69806877124045,8.20867285030768,-8.27675994774765,44.1672153703374,47.7971834794183
2989,train,TP,biotic,biotic,0.4309,0.5691,173,0.6301,0.833845627485242,-1.98570164284163e-05,3.43952165405465,7.83539885112234,8.12399504071393,-94.1980756316676,-74.7991799427931,1,0.692273289048278,-2.28191743799961e-05,3.91110929263961,9.4065630940695,9.93495978407496,-110.090605029254,-86.8379956776441
2990,train,TP,biotic,biotic,0.0895,0.9105,173,0.6301,1.55382862944692,-9.47042849353939e-06,-1.03754255233916,2.15324161804228,4.9732199287488,-16.8995913009319,-10.8106817769085,1,1.17541437548107,-1.12936033207083e-05,1.28982176051148,2.69973727774094,6.29245694719347,-22.408138826514,-12.1261341346714
2993,train,TP,biotic,biotic,0.106,0.894,173,0.6301,0.305981403987176,8.22469510655096e-06,7.85712589585047,11.0117842080818,-77.6333774012567,206.037463852033,147.273004779404,1,0.48720892465113,-2.32174776382648e-06,5.77980900801482,8.21153554227794,-51.9780804106004,152.773001769932,114.786263587876
2995,train,TP,biotic,biotic,0.1171,0.8829,173,0.6301,0.621602733962534,4.38154800648254e-06,4.35296719701318,11.0167183531161,-51.4690830332842,105.08507352224,68.9856804206334,1,0.324104180672391,2.42326228036793e-06,6.48638577385688,17.2892460025619,-88.9683043460304,192.989900376753,127.797230230404
2998,train,FN,biotic,abiotic,0.7772,0.2228,173,0.3757,0.511889366142189,3.39679771585843e-05,10.4893684931074,-16.6016668168174,-16.7871602771413,167.384852739274,144.4854281064,2,0.742663823805133,2.4789227803182e-05,7.95856582543204,-12.6088707084937,-13.6201699849442,118.771084508897,100.500634430119
3001,train,TP,biotic,biotic,0.0466,0.9534,173,0.6301,1.8648590551099,1.28233342619139e-06,1.89571000378645,3.59690643397068,-5.05084682686999,54.2511084801456,54.6928793733661,1,0.610657265779507,-7.63510713585371e-06,4.6403185317205,8.85368981415653,-18.5349365027335,138.115495604067,133.074559812103
3233,train,TN,abiotic,abiotic,0.9745,0.0255,173,0.3757,1.07747804832433,1.33118698268611e-05,-1.27802741522629,5.96120147595374,-6.87255091498418,43.2593820946337,41.0700185522468,2,0.266899539760428,3.38111515978479e-05,-2.50487918295378,16.2716894414429,-18.0383820613674,123.663752243571,119.392214251844
3234,train,TN,abiotic,abiotic,0.967,0.033,173,0.3757,0.183963499839809,6.18549109343231e-06,14.869357999348,-16.198592549384,21.4828639288594,-352.260368489331,-332.106732925017,2,0.0725589950783534,1.8291375060644e-08,-24.8747909147716,31.3241258853497,35.3800731266052,-577.998188253077,-536.168780137602
3240,train,FP,abiotic,biotic,0.3377,0.6623,173,0.6301,0.5606424371405,-2.28802320735648e-05,6.79880863696842,-9.28144537513693,10.0088470883349,191.682728255745,199.208915725679,1,0.13887541252063,-5.30872766884426e-05,16.3450675335811,24.1021818873084,-30.3841811026884,498.74523753107,508.808252761995
3241,train,TN,abiotic,abiotic,0.9679,0.0321,173,0.3757,2.48911404062166,6.9606926018436e-06,2.85436878646521,-3.17226263793008,14.1179698585599,-43.7971502798034,-29.9970673120158,2,2.73179958675371,6.39470582003084e-06,2.62163165933372,-2.9102282220533,12.9482957672682,-39.9968414601011,-27.3371358608467
3242,train,TN,abiotic,abiotic,0.9922,0.0078,173,0.3757,0.424979544711186,2.12037288289277e-05,8.45682630887496,12.0897593941246,-12.5254581544384,-267.339307062141,-259.318158309851,2,0.742663823805133,1.60297061811018e-05,5.8765100009224,8.03738783795936,-8.19895281650152,-168.524196377086,-162.809235324999
3250,train,TN,abiotic,abiotic,0.9968,0.0032,173,0.3757,0.266899539760428,2.33360376682857e-05,8.75348122211263,16.4496824255077,-16.5654828528287,-381.043486354446,-372.405782223617,2,0.424979544711186,2.03190602216517e-05,3.40992504417684,-12.0740451445702,12.1463275644798,-270.073933906175,-266.591706123029
3253,train,TN,abiotic,abiotic,0.9647,0.0353,173,0.3757,1.29782612375778,-1.68170881205196e-05,1.09813961226477,-4.75122416378566,5.10946316743402,24.0231130620225,25.4794748608475,2,2.06650620560807,-1.14915958169564e-05,0.742849660877616,-3.17670150227913,3.3978088643825,16.7196813538098,17.683626885195
3257,train,TN,abiotic,abiotic,0.9903,0.0097,173,0.3757,2.2679880095386,7.39755479764416e-06,-0.442938955963458,-2.96636431769421,3.11849210085694,6.75736421802923,6.46656044278329,2,2.73179958675371,6.26434187209198e-06,-0.326239210305909,-2.50473540670729,2.63088145009528,5.94975591039875,5.7496690078227
3259,train,TN,abiotic,abiotic,0.9265,0.0735,173,0.3757,0.815072629802486,-2.57916511836829e-05,-7.0144373712517,7.42762968394226,-28.396129856506,38.8902736353976,10.907310299931,2,0.511889366142189,-3.63232006249579e-05,-9.99826412329774,10.5073467926294,-49.1732865348061,57.7566118534126,9.09237166473753
3260,train,TN,abiotic,abiotic,0.9843,0.0157,173,0.3757,0.616572553739091,-2.66600982199675e-05,5.34233205587887,-8.84661848048566,9.32103310512245,-205.253401611576,-199.436681591159,2,0.616572553739091,-2.66600982199675e-05,5.34233205587887,-8.84661848048566,9.32103310512245,-205.253401611576,-199.436681591159
3261,train,TN,abiotic,abiotic,0.9934,0.0066,173,0.3757,0.167620689538692,1.66884433353513e-05,-13.412681604104,19.6194891041355,22.4004197728509,-416.645524222259,-388.038280260933,2,0.292921915397735,1.57024971781254e-05,-9.99680537962224,13.246538528966,15.8960095371607,-296.372341068768,-277.226582679766
3263,train,TN,abiotic,abiotic,0.9947,0.0053,173,0.3757,0.98175786816513,1.54249177110156e-05,-2.36200910693018,-5.92315896053399,6.40008548197135,-69.469596778412,-71.3546639389871,2,0.321481440534875,3.43737498861563e-05,-6.24794233098242,-13.6691943075856,14.3244087613837,-190.506463415891,-196.099156919326
3265,train,TN,abiotic,abiotic,0.9638,0.0362,173,0.3757,0.815072629802488,1.38563706771207e-05,0.453405715875332,-7.37781009520351,7.56822167337686,82.8965594066936,83.540390557113,2,0.894541204995409,1.31280015741823e-05,0.388656054413209,-6.86428446779251,7.02234740504134,76.6268397602868,77.1735718799504
3267,train,TN,abiotic,abiotic,0.9801,0.0199,173,0.3757,2.2679880095386,6.8891420634635e-06,0.750328606890555,-2.90626337945281,3.13513354128668,30.000250963487,30.9794566213534,2,0.676687616565554,1.60855555525227e-05,3.26618186193032,-7.88367310127419,8.7393002649078,84.918634476257,89.0404595873765
3272,train,TN,abiotic,abiotic,0.6121,0.3879,173,0.3757,0.0509130784922277,-3.09205954947534e-05,15.537723728037,-21.2267844478158,191.54345251577,-203.473231422517,-17.6188705471215,2,0.394201476500255,8.55224460003799e-06,7.59002895903462,-8.54772037486774,-28.8515594132541,64.7167320104209,34.9074897335783
3274,train,TN,abiotic,abiotic,0.971,0.029,173,0.3757,0.321481440534875,-4.82560693538426e-05,-13.6742921297109,14.2809136323216,44.8044749745465,-224.432876345487,-179.0218281244,2,0.38722553325175,-4.30042475808353e-05,-12.0327295029064,12.6674861471932,38.8610217397184,-193.051683427784,-153.555948048026
4922,train,TN,abiotic,abiotic,0.9852,0.0148,173,0.3757,0.0821321797702611,7.11238557554668e-05,-16.5597102144983,19.1706496319485,21.1640878063412,-162.323449194396,-138.548350846749,2,0.172880365596229,6.03535661264555e-05,-11.9967804278973,14.0077455474707,14.5365794210143,-79.2707148306328,-62.723109936479
4925,train,TN,abiotic,abiotic,0.9819,0.0181,173,0.3757,0.280642515356276,5.13393880135671e-05,-9.35591292112987,11.2344152830508,12.5378508252102,-145.597197688384,-131.180793161865,2,0.255711007775208,5.29055553473164e-05,-9.91230049844623,11.8815441274038,13.4579979982896,-158.197204216292,-142.76990968349
4929,train,TN,abiotic,abiotic,0.8186,0.1814,173,0.3757,0.303794388102955,5.34136821159716e-05,-8.64997110791058,10.5461608923455,44.6645431355325,-111.454677127694,-64.8938907940448,2,0.252215438102977,5.73753253724368e-05,-9.69242359360167,11.8233288324478,50.5848948544872,-132.840830398472,-80.1249729298131
4932,train,TN,abiotic,abiotic,0.9751,0.0249,173,0.3757,0.0483260091558013,8.23247379930666e-05,-20.2084665834756,23.2840941723072,176.144435733684,-194.21147180121,-14.9913261539565,2,0.0638841400441999,7.89046087656016e-05,-18.5630033258942,21.4041057748526,157.929863864567,-163.847014519181,-3.07596930104697
4935,train,TN,abiotic,abiotic,0.8372,0.1628,173,0.3757,0.170605078122804,3.86440436125869e-05,-12.0363933823098,-15.8749114251173,48.7527511942951,-408.184749337835,-387.343264306924,2,0.327205230025162,3.97033473354035e-05,-8.21650927111836,-10.7981953488437,23.5254724647002,-259.475495199493,-254.964687651407
4936,train,TN,abiotic,abiotic,0.8761,0.1239,173,0.3757,0.519685449554474,8.25158980122874e-05,-6.17286936905749,-7.75328275060061,30.4960635680968,-207.240320374728,-190.670326410392,2,0.270964424112987,0.000107459618688433,-9.73461450248678,-11.9963758049696,59.6182151613016,-334.878095867898,-296.990763554434
4937,train,TN,abiotic,abiotic,0.9628,0.0372,173,0.3757,1.09977455691596,1.91559824988935e-05,-3.09920084233727,-5.73808479290885,8.46112118225931,78.3635563244689,77.9874110274646,2,0.690690473774635,2.20745856336231e-05,-4.41821663202164,-8.21509273177774,16.3229138083944,112.720856055563,116.410482574743
4940,train,TN,abiotic,abiotic,0.9821,0.0179,173,0.3757,0.235417823292821,4.10139887206428e-05,-9.95499671804723,11.373987122892,21.6880102893761,90.6741432660934,113.781184974303,2,0.655064077650575,2.99454820463965e-05,-4.99903795150512,5.44439445201508,5.97706776284981,62.9597735686147,69.3822277774565
4941,train,TN,abiotic,abiotic,0.9791,0.0209,173,0.3757,1.36295894267513,1.71336041211803e-05,-2.59101010364098,-5.04817509878796,7.46910255681722,67.5576045140617,67.3875390020541,2,3.79251422076297,8.3650341380451e-06,-1.04703907829433,1.79497579747871,-2.02600218053848,26.962791288616,25.6847341922961
4942,train,TN,abiotic,abiotic,0.9754,0.0246,173,0.3757,0.0845137975608585,-5.64947810636133e-05,-13.0464185660765,-28.0062443230584,168.531863558015,431.569434888877,559.048579062976,2,0.0770058247153383,-6.39071549608223e-05,-13.4332438277597,-28.9491527237195,177.45298173146,448.572768272429,583.643289545255
4946,train,TN,abiotic,abiotic,0.8504,0.1496,173,0.3757,0.154831369451632,3.89683028594808e-05,-12.74377976702,-16.5969131993206,63.9482986699827,-425.814791537612,-391.207146865667,2,0.29695267230009,4.09255800947679e-05,-8.79544246245776,-11.4093342593686,33.9464504014971,-273.707289788292,-259.965575183041
4948,train,TN,abiotic,abiotic,0.987,0.013,173,0.3757,3.06019605755355,9.94158864340595e-06,-1.29724688059647,-1.99542128682477,7.04865228700462,33.6810887839777,37.4370828451497,2,0.0740606697469769,-4.1453769170707e-05,-15.3433376093436,-22.1907395295516,189.370600005175,389.808537032766,541.645018445277
4949,train,TN,abiotic,abiotic,0.7084,0.2916,173,0.3757,3.06983858627371,4.38777823764163e-06,-1.28307574668382,-1.99858038086824,3.05176704011385,32.576463147122,32.346578447462,2,1.92794810011873,5.63108401912354e-06,-1.95295880834419,-3.03345148949557,4.36954445791765,49.2913705691234,48.6745103602853
4951,train,TN,abiotic,abiotic,0.9853,0.0147,173,0.3757,0.399177232056881,1.98872584858028e-05,-6.39468696344154,-12.2572899948044,56.6620685145808,171.975068210897,209.98517965449,2,3.39202224476837,9.16149194360737e-06,-1.16417135440243,-2.18360494634975,5.38526100195963,29.9669728873307,32.0044667500301
4952,train,TN,abiotic,abiotic,0.8996,0.1004,173,0.3757,1.17144927219233,4.49222333616228e-05,-2.94671295897449,-6.07225037465324,6.75708294063147,79.2461666278644,76.9843311571015,2,1.86527851938379,3.24434757360851e-05,-1.99169412926274,3.63862227150066,-4.09433014378087,53.0903189827819,50.6429494247147
4953,train,TN,abiotic,abiotic,0.8367,0.1633,173,0.3757,0.187288567175623,5.06542264930692e-05,-11.0888777851955,-15.1516959009749,123.920688644141,-316.632898517491,-218.952732905294,2,0.225589742213033,4.95194108045191e-05,-10.0305840648234,-13.6352271737716,110.341011774269,-277.243167254459,-190.567917199374
4959,train,TN,abiotic,abiotic,0.991,0.009,173,0.3757,0.057535249512122,6.29323812758082e-05,-18.4453323883851,20.6790854078109,-48.7870272282318,83.6181397138151,37.0649284373904,2,0.110347445447186,5.7873510132288e-05,-8.59260232792785,-14.6848176220939,16.643355332784,60.5641208917728,53.9301141480452
4960,train,TN,abiotic,abiotic,0.8438,0.1562,173,0.3757,0.154945443431925,0.000115203120226249,-13.5154733746082,-16.1515024211924,79.2154345931004,-481.556509412785,-432.007935412365,2,0.357944070764644,9.54107189689428e-05,-8.11060538010178,-9.95747779105942,34.7020772900506,-282.14964295875,-265.515553429142
4961,train,TN,abiotic,abiotic,0.8495,0.1505,173,0.3757,0.569469948514371,3.63302058552963e-05,-5.53485817896163,-7.19936159395331,27.1834284808178,-114.026230344103,-99.5769853059943,2,0.224610682159803,4.96589495136081e-05,-10.2343800021519,-13.3949219959509,65.2390123331858,-256.59445164164,-214.984691647607
4963,train,TN,abiotic,abiotic,0.9533,0.0467,173,0.3757,3.43596103790534,4.15511186047045e-06,0.348357667695544,-1.17874325850264,1.47556110184253,28.7833640810711,29.4285437472184,2,0.231382792834164,-1.61509979519773e-05,-10.300274716734,11.4125411808204,32.7078376631491,212.317216481344,246.137304457582
4964,train,TN,abiotic,abiotic,0.891,0.109,173,0.3757,0.298232568834368,0.000127637501282638,-8.36205589252857,-10.4560218871066,13.7854251845558,-42.2646457362696,-47.2971706938477,2,0.155498708565383,0.000172117722513618,-11.8629695232672,-14.678842753325,26.7042606119073,-104.215267161466,-104.052646708429
4965,train,TN,abiotic,abiotic,0.9884,0.0116,173,0.3757,0.131025724517774,-1.93065907425443e-05,-11.2673808054745,-22.40835785561,149.447583456397,338.320891065225,454.092716553947,2,0.0470882039081876,-9.06424688735518e-05,-15.4794851876722,-31.9631074773207,250.533046600129,506.297921180877,709.388284473545
4966,train,TN,abiotic,abiotic,0.717,0.283,173,0.3757,3.03832182901185,1.02019270347533e-05,-1.28419378060765,-2.33962848629999,3.21239931048698,26.9227204396624,26.5113076851688,2,1.73863945730352,1.54587416174383e-05,-2.10811486270036,-3.84577363698634,5.76333919586543,43.8867771877895,43.6962433427098
4968,train,TN,abiotic,abiotic,0.9874,0.0126,173,0.3757,0.743301119993935,3.25758619119274e-05,2.88634292943037,-4.60120707085069,5.63400883201679,-47.38368243497,-43.4645051685116,2,0.267128572135549,5.35950160068792e-05,-9.58427042368265,11.4908746176763,13.1251562883205,-137.436460479581,-122.404646402251
4969,train,TN,abiotic,abiotic,0.9861,0.0139,173,0.3757,0.202814975054835,5.81344080569265e-05,-11.3225038937951,13.5285706390801,31.4843201887631,-170.554857952435,-136.864412883979,2,0.89859638039729,2.87692002081719e-05,-3.94274962650379,4.84804384181153,4.89956479062962,-36.20011303068,-30.3952252555424
4973,train,TN,abiotic,abiotic,0.8566,0.1434,173,0.3757,0.224571299171915,0.000148126143748216,-10.12311965202,-12.2706952876109,14.6254398065607,-106.397532956924,-114.165759963851,2,0.067004153702113,0.000227265073736038,-17.1075939858796,-20.5302694312428,33.2035452941386,-285.156791613181,-289.590882471091
5757,train,TN,abiotic,abiotic,0.9624,0.0376,173,0.3757,0.896035335383796,7.74087253217267e-06,3.63492371742792,4.24882822532952,4.72565173525922,-126.676974091844,-114.067562672955,2,0.322018403155405,-2.55326149026769e-06,6.95868720644824,7.87209724326426,9.67831871567637,-269.748958736851,-245.239858124723
5758,train,TN,abiotic,abiotic,0.9843,0.0157,173,0.3757,0.676687616565554,4.34433402609592e-05,5.47756853910297,8.5428259291427,42.2454994929968,43.7733978890907,100.039335293674,2,1.71564975654957,1.96646219772641e-05,2.63656243594565,3.98094193375935,19.5069423732141,21.2265504167778,47.3510168243189
5759,train,TN,abiotic,abiotic,0.9177,0.0823,173,0.3757,0.561797947410077,4.80437769922875e-05,6.12898726509791,9.93713909897986,48.4674279431261,78.4764057501598,143.010008101141,2,0.266899539760428,8.19910995072945e-05,9.62217009846247,16.4956568786032,85.4094190669761,128.175490575667,239.702818610809
5763,train,TN,abiotic,abiotic,0.9889,0.0111,173,0.3757,0.242061453098275,3.07981119480722e-06,-9.01527412666204,9.03431301380374,11.1453240523003,-103.998009831419,-92.8336438121656,2,0.385430286699526,8.25876935067863e-06,-6.49931346472829,7.25012046794233,8.48257893558512,-66.7665147234864,-57.5331205259178
5766,train,TN,abiotic,abiotic,0.9735,0.0265,173,0.3757,0.811358256763715,8.06095328696085e-06,4.53994853349655,5.12463435233278,7.46974049838932,-131.890224854166,-114.755893408994,2,0.890464685170775,8.13520894867372e-06,4.2560398774869,4.76591432520297,7.03713644318059,-122.156208032561,-106.097109251481
5769,train,TN,abiotic,abiotic,0.9903,0.0097,173,0.3757,0.894541204995409,1.81865633047779e-05,4.81257012610058,6.78589911397963,22.1930708370953,-79.6710707906284,-45.8795125268896,2,0.616572553739092,2.49525735076144e-05,6.41835463552572,9.00302392845799,29.3146645952943,-109.438508605787,-64.7024404939357
5770,train,TN,abiotic,abiotic,0.9908,0.0092,173,0.3757,0.51188936614219,3.02974190772085e-05,7.15414718189703,10.2892147874688,30.3177778484518,-59.4373275838349,-11.6761574685982,2,0.221584686835446,5.96901074919221e-05,12.2808412348425,17.5157698642685,53.0511807460816,-118.5330715248,-35.6852199894996
5771,train,TN,abiotic,abiotic,0.965,0.035,173,0.3757,0.424979544711187,6.38038120748151e-05,0.615991065841921,6.79082200318267,12.0599730014993,71.2430923219667,90.7099421963026,2,0.894541204995408,3.50165496622105e-05,1.40859109871485,4.10357444470147,6.91985389820373,41.0656089972337,53.4976634554034
5774,train,TN,abiotic,abiotic,0.9396,0.0604,173,0.3757,0.432725967051695,6.96355021558666e-06,0.687986905707682,6.63351554987524,8.01740760237951,-169.648837042145,-154.309920020632,2,0.32734132495522,3.64179628087467e-06,0.264501893446607,7.64239884984594,9.59813104975434,-208.290155411298,-190.785119976455
5776,train,TN,abiotic,abiotic,0.9859,0.0141,173,0.3757,0.518421270477906,7.86026226208951e-06,-1.51719879466901,6.04369014239736,7.11610442914812,-156.206033548698,-144.563429911559,2,0.752140498593773,9.03655424405661e-06,-1.02148243444917,4.78720894244902,5.41517249911266,-115.494187379062,-106.313279335396
5779,train,TN,abiotic,abiotic,0.929,0.071,173,0.3757,0.688560619118473,8.86968366499568e-06,5.01765366025148,5.76181138078228,7.36737852329401,-126.726756529618,-108.579904095606,2,0.998983561956062,8.77473004316865e-06,3.89456438006276,4.31149878261577,6.08933135017354,-92.27312017065,-77.9777168830679
5780,train,TN,abiotic,abiotic,0.9978,0.0022,173,0.3757,1.18253082788181,1.41082108893785e-05,0.400158020308047,3.8014056630774,5.43097112339544,-60.0659312663536,-50.4333823513618,2,0.352825484115955,3.85636659770949e-05,-5.06476844484375,9.37071839142394,13.2906309644927,-163.738432678753,-146.141813204014
5782,train,TN,abiotic,abiotic,0.9236,0.0764,173,0.3757,0.689257852175345,7.62120605029813e-06,5.02434327294912,5.73816438836317,6.95344087799611,-149.80410074931,-132.088144588795,2,0.572233977848883,6.6469197193091e-06,5.64360906936743,6.57657951716466,7.74344150100114,-173.296509542277,-153.332872807824
5784,train,TN,abiotic,abiotic,0.9754,0.0246,173,0.3757,0.139161641237417,7.94461125065259e-05,16.4263670483445,22.9884927332828,69.7772814116453,-367.075209243727,-257.882988604341,2,0.466414525680328,3.19383208658987e-05,7.66419818954463,11.0462399333466,31.65717802301,-168.295763596334,-117.928115512112
5878,train,TN,abiotic,abiotic,0.7282,0.2718,173,0.3757,3.1381074072879,5.78612604034237e-06,0.932474670778955,-2.00556908996392,-3.63870007104394,32.2566623471818,27.544873643079,2,2.1629757100222,8.18418025352364e-06,1.64334239970049,-2.80599108585724,-5.09086154827187,46.4722169025279,40.2187148522795
5879,train,TN,abiotic,abiotic,0.6358,0.3642,173,0.3757,0.598524165164601,2.24762191850345e-05,-7.95562839334081,-13.948397434082,17.3501625401317,148.150978189724,143.597137378652,2,0.236070263896208,3.72631239264691e-05,-14.3600908400941,-24.6466096055446,44.7245157108902,311.303244221938,317.021096750314
5880,train,TN,abiotic,abiotic,0.9422,0.0578,173,0.3757,0.447826376740233,3.37419912069885e-05,3.32934354065249,8.59893227993533,-10.649138158651,-31.9205164076064,-30.6413450036784,2,0.539408456204874,2.898297475872e-05,2.31641004405684,7.4942960436763,-9.303540405515,-24.5487601278095,-24.0415654626166
5882,train,TP,biotic,biotic,0.2762,0.7238,173,0.6301,0.768434470817065,-2.4710392103969e-05,6.31766815798533,11.075267894983,-33.1869757842203,-73.9586939646438,-89.7527584062878,1,2.34668784188218,-8.77983558015454e-06,2.54091983120074,4.46744049486818,-13.2610978652713,-27.4507767107923,-33.7035230298303
5884,train,TP,biotic,biotic,0.4428,0.5572,173,0.6301,0.108547324829311,-0.00013021402658714,-16.8695437514666,24.0338744655168,-38.8036012657729,74.4785031680513,42.8391024023021,1,0.331487845899121,-6.09757361426488e-05,-7.56717287714625,12.8054665028383,-14.1963276790056,27.7924021685617,18.834307139512
5885,train,TP,biotic,biotic,0.1409,0.8591,173,0.6301,0.090117896047022,-0.000181738022145593,1.55852943587771,23.9286274871797,-62.9723412180563,446.650447912418,409.165081879397,1,0.228481713908909,-9.99658887309342e-05,3.54773079013022,15.1207807126073,-33.0294490883127,286.97749577998,272.616458228516
5886,train,TN,abiotic,abiotic,0.9184,0.0816,173,0.3757,0.649719395144295,2.51264756505596e-05,6.45980548557563,7.60268830255264,-8.09501365396384,-10.2829276624843,-4.31542240184424,2,0.539408456204874,2.94292270586148e-05,7.45314452770308,8.8074083213654,-9.32174984763715,-14.7012613888402,-7.76242895818184
5887,train,TP,biotic,biotic,0.2634,0.7366,173,0.6301,0.399278283938249,-4.39964427445485e-05,-6.69950819510886,11.9209440371298,-21.1452093395233,258.432444613974,242.508627120029,1,0.18968953288408,-7.50672344626426e-05,-11.9007736887647,19.5680180957773,-44.7934677620461,416.580997719445,379.454699297177
5892,train,TP,biotic,biotic,0.1784,0.8216,173,0.6301,0.976974106164979,-1.97952861397137e-05,3.27674870372412,-3.63244290054342,5.20039399383359,115.374001722434,120.218681724162,1,0.73904508328427,-2.53341101674444e-05,4.06846124329356,-5.20697098131606,6.48628751728596,145.46489811511,150.812650560263
5893,train,TP,biotic,biotic,0.2477,0.7523,173,0.6301,0.438207423710415,-2.60208406537658e-05,10.0489100379464,10.9600673003161,-33.3156974142177,274.970932339268,262.664186242472,1,0.399278283938249,-2.72758420169669e-05,10.7473174290881,11.7221898595346,-36.8906403755368,295.995900517125,281.574740154369
5894,train,TP,biotic,biotic,0.5202,0.4798,173,0.6301,0.331487845899121,-3.90044355002227e-05,2.22525830968862,-11.6319364802717,13.6105688189238,279.383633353844,283.587484997749,1,0.438207423710415,-3.23790258942829e-05,0.713965226347895,-9.52948065414197,11.1368746932752,227.472189343336,229.793516229792
5895,train,TN,abiotic,abiotic,0.6133,0.3867,173,0.3757,0.858890803397703,2.58978597131577e-05,4.67231418991992,-5.84899972214202,-9.75468898642133,68.1058751235811,57.1745265027974,2,1.5009360714429,1.45463776109877e-05,2.37491845921221,-3.76859719808846,-6.34560156856252,39.9404194898077,32.2011537287466
5896,train,TN,abiotic,abiotic,0.6981,0.3019,173,0.3757,2.99453732099175,6.26438922393845e-06,-2.08767292265671,-3.85560979539946,9.77740738719222,34.8279861436737,38.662117077199,2,1.88065671092777,9.78464903278116e-06,-3.15991357132314,-5.84287067292266,14.5946792671308,54.8160009668042,60.4079057743382
5897,train,TP,biotic,biotic,0.4746,0.5254,173,0.6301,0.785393021365462,-3.03572459682482e-05,-2.5540276700625,6.07024845815629,10.6027539953967,-40.9498053160213,-26.8308608897768,1,1.13947079782689,-2.08375303182957e-05,-1.76686117458165,4.59014750399511,8.06098395155915,-29.7576435528858,-18.8733941094435
5898,train,TN,abiotic,abiotic,0.5272,0.4728,173,0.3757,0.859682191049931,1.35770121753026e-05,-6.31256894707856,7.03443337354817,-9.04861318209268,110.658724442401,102.33198926379,2,0.339076370712978,1.94768850911101e-05,-12.410623539134,-17.2637587355952,30.162028218086,238.121938431442,238.609603851684
5900,train,FP,abiotic,biotic,0.3343,0.6657,173,0.6301,1.33822215490975,-1.83738546807167e-05,-3.57330305559034,4.05728544809668,6.29686882287119,-24.709152594353,-17.9283197528302,1,1.46869716296891,-1.66426178809302e-05,-3.26294331773487,3.76008928882738,5.8498592021546,-22.6344988659671,-16.2875103353379
5901,train,TP,biotic,biotic,0.2254,0.7746,173,0.6301,3.1405903438746,-6.74637297595807e-06,-0.802653993623979,1.95428045704342,3.33598286765042,16.7398862555347,21.2274888402316,1,2.86158895355447,-7.40167951294602e-06,-0.911111062350387,2.12639204597748,3.63235412702207,18.460561552493,23.3081892614626
5902,train,TN,abiotic,abiotic,0.9148,0.0852,173,0.3757,1.0125833779641,1.58613277910287e-05,-5.32543046402066,7.17452263075753,-9.75671467998502,102.278577386714,94.3709707347933,2,0.635931872277153,2.25500355160279e-05,-7.57988776540285,13.1162531741226,-13.8688398315671,155.392110341547,147.059658468735
5904,train,TN,abiotic,abiotic,0.8969,0.1031,173,0.3757,0.37179332544263,4.02628165113764e-05,9.93618124538872,10.5864941977429,-12.1376015233993,-75.3576028838852,-66.9724887013364,2,1.24610349515489,1.41913250575853e-05,3.80105466313483,3.91791310749202,-4.74104619988125,-19.691689789908,-16.7137540278373
5905,train,TN,abiotic,abiotic,0.6672,0.3328,173,0.3757,0.212753810147517,7.73525700223806e-05,5.98369693143217,-17.1484232241878,70.7771989643447,174.889255003749,234.501805027908,2,0.33876423111565,5.41647021561539e-05,3.90202275357054,-12.8323075585666,54.1527691484461,132.615302968031,177.837841476183
5907,train,FN,biotic,abiotic,0.6275,0.3725,173,0.3757,0.160940455174117,8.30626328642594e-05,17.075460996345,-20.3990872769432,40.9104321362755,-217.56062890144,-179.97373998313,2,0.0437530829216442,0.000163111511530677,32.0662388531985,-36.4139582607897,91.0743895567191,-418.833224459615,-332.106391198975
5908,train,TP,biotic,biotic,0.1489,0.8511,173,0.6301,1.17561642873882,-1.44267372474631e-05,4.74293585847574,6.2374893605547,-21.4625363713673,-49.8304744538213,-60.3126000328954,1,0.291209165934436,-3.95473827658109e-05,12.9100183987687,16.4691423770386,-77.3894392423315,-139.675839172139,-187.686157186046
5909,train,TP,biotic,biotic,0.3492,0.6508,173,0.6301,1.01231598431035,-2.42780793216105e-05,0.217121742190737,5.38867053308322,7.01743323122268,-7.09475798469949,5.52844324371783,1,1.76905093236408,-1.3466014774806e-05,0.306842568297239,3.34814045674524,-4.16114087064795,4.65304216436645,4.1468708527462
5912,train,FN,biotic,abiotic,0.6653,0.3347,173,0.3757,0.0781413122392495,3.73426970024327e-05,-25.4455235735319,-39.0625309714356,163.225249957928,610.270894390457,708.988127146115,2,0.217432843072126,2.94550000414308e-05,-15.5406109301141,-24.6752242003219,74.7262496273842,332.06244868102,366.572892632968
5914,train,TN,abiotic,abiotic,0.8263,0.1737,173,0.3757,1.03453701338824,2.07146873604358e-05,-5.16936155972895,-7.71709477043936,10.2657657563069,79.2083641490211,76.5876942898471,2,0.539408456204874,3.8470926259649e-05,-8.35270377929288,-12.2164177162351,19.7285584312962,143.762176599351,142.921652006046
5916,train,FN,biotic,abiotic,0.6732,0.3268,173,0.3757,1.68429472193818,1.12680459509626e-05,-3.45707634693689,-6.38754657531508,10.242050167624,54.3808983916628,54.7783369050808,2,0.963815364563332,1.89341230957401e-05,-5.44818302978652,-10.0764976402389,15.2880982824839,92.616297659248,92.3797342058296
5918,train,TP,biotic,biotic,0.4036,0.5964,173,0.6301,0.438207423710415,-3.54652098756188e-05,8.8619283228341,10.5831055546175,-27.7595340957261,167.669979683144,159.35544399966,1,0.399278283938249,-3.79335535647719e-05,9.48623953968951,11.2921398907043,-30.3509200170171,181.653720186551,172.081141666374
5919,train,TN,abiotic,abiotic,0.8898,0.1102,173,0.3757,1.13540309505047,1.82011819365864e-05,2.34492750816838,-4.75634434287229,-4.94486078303284,85.1467149032839,77.790455486729,2,0.491488895627634,3.99508024976351e-05,-8.51534332891191,-9.38627779579197,9.74333598453659,176.580867827708,168.422622638343
5920,train,TP,biotic,biotic,0.3685,0.6315,173,0.6301,1.219885674734,-2.61983551967141e-05,4.61946997264549,6.6632985758584,-8.43300584403566,-67.6296281513029,-64.7798916451898,1,0.438404180613856,-5.3044360132715e-05,10.1143578433663,14.0340512296975,-25.4365039366299,-159.984148583008,-161.272296490934
5924,train,FP,abiotic,biotic,0.0205,0.9795,173,0.6301,0.484414990235258,-3.4809192667971e-05,8.96410755656522,14.2582069810269,-15.1623730130808,173.647152047869,181.707058763187,1,0.230136365828459,-5.93135719267541e-05,13.9026848851752,22.7799673243077,-36.2165250521643,319.444583947803,319.910651791549
5925,train,TN,abiotic,abiotic,0.7908,0.2092,173,0.3757,0.649719395144295,2.44050132272848e-05,6.62335919806913,7.9325448694446,-8.12339358764026,-109.152156157971,-102.719621273084,2,0.212753810147518,5.55303887665094e-05,14.5400385930201,-17.4310439333592,18.7476242189017,-271.110027232086,-255.253352823135
5926,train,TP,biotic,biotic,0.2092,0.7908,173,0.6301,2.62411102338563,-8.65728617524482e-06,-0.844198325805591,2.29283854579081,4.09074656379544,48.3968026031672,53.9361807296616,1,0.592267032629011,-3.92769367825683e-05,-6.61179637008399,7.53513591579956,13.7273345306509,195.182308735236,209.832943534666
5927,train,TN,abiotic,abiotic,0.6909,0.3091,173,0.3757,1.80788281175508,1.16406486110595e-05,-2.63461138387611,-3.32512392454801,11.1024494194527,48.1243572330914,53.2670829847686,2,1.03453701338824,2.06777288064628e-05,-4.06234902658769,-5.33904481192056,16.4069694582637,81.1482578726152,88.1538541700995
5928,train,FP,abiotic,biotic,0.4068,0.5932,173,0.6301,0.480932106552073,-3.66314468444117e-05,-8.67362717769042,10.1853018658182,-14.2702534639814,148.578959089036,135.820343681735,1,0.143493175247774,-8.47796280457434e-05,-19.7902173542742,22.1590686648166,-39.2772518709264,345.829578571216,308.921093231204
5930,train,TN,abiotic,abiotic,0.7834,0.2166,173,0.3757,2.69840979785085,7.00230426910504e-06,-2.29180340586373,3.34346354451221,-4.22552568810078,35.9976145110331,32.8237559638851,2,1.69467999600044,1.09508309887155e-05,-3.45115764506376,5.49896615627959,-6.36459075776404,56.9299422120346,52.6131709163174
5931,train,TN,abiotic,abiotic,0.8843,0.1157,173,0.3757,0.539408456204874,2.72665213653495e-05,7.23441580712264,-9.40439269363164,14.8678160595097,50.418016157964,63.1158825974861,2,1.24610349515489,1.33894568164701e-05,3.70583026284091,-4.76902717858311,7.37177781686298,29.1433991371187,35.4519934276963
5933,train,TN,abiotic,abiotic,0.8085,0.1915,173,0.3757,0.233497043990845,5.65659133120142e-05,13.2107933517776,-16.1872359711755,-68.8623076384616,108.099548552752,36.2608548608056,2,0.858890803397703,1.96243281051313e-05,5.14177683128502,-6.45377521273537,-10.2880820368772,38.4081094517269,26.8080486577274
5934,train,TN,abiotic,abiotic,0.8343,0.1657,173,0.3757,0.133615593308708,0.000104257402346846,3.79330010980152,-22.0251065497033,112.62507469422,306.036823897516,400.430196409237,2,0.25626271752623,6.72708219481025e-05,1.51036615040852,-15.2698816853445,77.9798129050378,212.10862610667,276.328990747594
5935,train,TP,biotic,biotic,0.2999,0.7001,173,0.6301,0.731929625991362,-1.89083165374759e-05,7.01944760650673,8.828899014264,-11.4894930185879,-95.3704053661574,-91.0115706722911,1,2.03663766255621,-8.70064894966933e-06,2.96925952632154,-3.0219893622632,3.83308953874377,-39.0304433067715,-35.2500923046183
5937,train,FP,abiotic,biotic,0.4238,0.5762,173,0.6301,0.892701305875633,-3.39161345542459e-05,4.75692441053542,-5.40381926579422,7.00932579557486,119.316088272341,125.678485296522,1,0.242688727442584,-8.06001984887382e-05,11.8779486056035,-13.9672314777662,17.5099101274704,327.884176929136,343.304723584245
5938,train,TP,biotic,biotic,0.3688,0.6312,173,0.6301,1.73520197096742,-2.04534041396064e-05,-2.799484192117,3.39430072667376,4.6636766842369,-28.8312665438184,-23.5727937784289,1,2.09005691709427,-1.73506673606196e-05,-2.133800660977,2.87916985136862,3.96659549254892,-24.6072855318046,-19.8953381995314
5941,train,TN,abiotic,abiotic,0.8574,0.1426,173,0.3757,1.13540309505047,1.87164347718794e-05,2.3400998695849,-4.87578186822147,-5.76123185987928,78.0814174585662,69.7845223164851,2,0.782589311626098,2.7029637734078e-05,4.42649711693256,-6.5383157279422,-7.60302881337712,110.076345900355,100.361525505606
5942,train,TN,abiotic,abiotic,0.8767,0.1233,173,0.3757,1.80788281175508,9.62040327575541e-06,2.69938508379661,-3.42535339104273,4.32825726004816,16.386871559758,19.9891701329634,2,0.592000114781365,2.55747444250491e-05,6.82105145912615,-8.7353460009813,11.4187532263222,32.2591630957824,41.7636473549938
5945,train,FP,abiotic,biotic,0.5524,0.4476,173,0.6301,1.32323628950564,-2.72468611752396e-05,4.18335017407615,-7.08895102599785,7.51294285930454,-73.1584485032489,-68.5511337427273,1,1.00097972670048,-3.4534261608256e-05,5.24213299132002,9.39299416262163,-9.66040649767823,-95.0831941711047,-90.1085080491029
5946,train,TN,abiotic,abiotic,0.821,0.179,173,0.3757,0.491488895627634,4.03868717572246e-05,-0.959123253615991,8.45122714825594,-9.73241753488975,130.132615749759,127.892342496381,2,3.15932655742776,6.3508883556825e-06,0.286707374392147,-0.435546369373265,-2.0256078673609,24.2878881652367,22.1134476537831
5947,train,TN,abiotic,abiotic,0.8709,0.1291,173,0.3757,0.592000114781365,3.55210461324472e-05,-7.88880061816808,-10.7780176666426,11.4401094887219,134.396495902555,127.169822627512,2,1.98414915405732,1.06145575910132e-05,2.57042429168465,-3.01361454126463,-4.25906434082889,42.8240118460118,38.1217678701605
5948,train,TP,biotic,biotic,0.5825,0.4175,173,0.6301,1.3375516687194,-2.57987314200407e-05,4.17345480914389,7.34692901568507,-32.5130798191721,-70.1121181342127,-91.1048399272873,1,0.189594493198939,-9.27413733955219e-05,15.7036534731296,26.6438281519235,-134.248223867114,-336.835554581401,-428.736389564835
5949,train,FP,abiotic,biotic,0.5105,0.4895,173,0.6301,0.232424196211103,-3.42739126504294e-05,14.7392613403561,23.4008569241754,-114.989209109056,-327.961303674539,-404.810428792976,1,0.211776271207636,-3.54073253631378e-05,15.529111394595,24.5775088309215,-121.195680146653,-348.654014867924,-429.743110196386
5951,train,FP,abiotic,biotic,0.4518,0.5482,173,0.6301,1.10563418694942,-3.17403564295135e-05,4.82248546712733,-5.36020247652785,8.49048683213439,-61.7851952273268,-53.8324571449493,1,1.00741269303634,-3.43467056315866e-05,5.19050778468305,-6.00333915794981,9.12826241758456,-67.1332241412619,-58.8178274436498
5952,train,TN,abiotic,abiotic,0.8943,0.1057,173,0.3757,0.858890803397703,1.8833995552603e-05,2.26689898567336,5.01261488424244,-6.5198913988842,37.2763688583537,38.0360101633809,2,1.03453701338824,1.60096689897781e-05,1.59217736200281,4.29877172551548,-5.58543899557081,32.8271908833054,33.1327169849218
5953,train,TN,abiotic,abiotic,0.8098,0.1902,173,0.3757,0.233497043990845,5.62841926639644e-05,13.2364205454609,-16.2044944988016,-63.1647017060188,105.371656154749,39.2389367795816,2,0.713066234087759,2.30211743587083e-05,5.98986896254059,-7.49193934887065,-11.297461362603,43.1339064558361,30.3343977280774
5954,train,TP,biotic,biotic,0.1674,0.8326,173,0.6301,0.30203937928823,-7.75942881041519e-05,0.094675480335835,13.1291888316711,-36.673395353657,220.402715265276,196.953106629338,1,0.143493175247774,-0.00013393332992735,-2.46712178688217,20.068227590545,-61.6897004732093,334.443675571133,290.354946968257
5955,train,TP,biotic,biotic,0.2668,0.7332,173,0.6301,1.1110155430695,-2.35553215785242e-05,4.21809062880359,4.82596012477055,-11.9234671936108,50.4331912710325,47.5537512756743,1,1.46869716296891,-1.73788000450623e-05,3.44705255157347,3.83487930102084,-9.27423502642443,39.4680259478866,37.4757053952564
5957,train,TN,abiotic,abiotic,0.5918,0.4082,173,0.3757,0.160940455174117,9.39859728877077e-05,-2.76809993547904,-19.2625216127148,-21.0498180219706,300.711671241892,257.631325657701,2,1.24610349515489,1.65798199792452e-05,0.98142623198534,-1.51539420898975,-4.65107578917146,63.3116033931683,58.1265762068124
5958,train,TN,abiotic,abiotic,0.7874,0.2126,173,0.3757,0.713066234087758,2.27295629493285e-05,1.41047102823888,5.92824710139132,-7.49733181936573,37.0867248988135,36.928133938641,2,0.782589311626097,2.09641421791215e-05,2.32718015458731,5.5040491959378,-6.96498355181882,34.1876961376365,35.053962900485
5960,train,TP,biotic,biotic,0.4336,0.5664,173,0.6301,1.44943987918053,-2.19055182926545e-05,4.03302612811386,5.58028563166194,-13.1248278911664,-68.6444832474682,-72.156021284377,1,0.271598569899714,-5.79720901719181e-05,14.224454423749,18.4729073383161,-75.6402904878253,-272.574868024075,-315.517854721926
5961,train,TP,biotic,biotic,0.3906,0.6094,173,0.6301,1.97508075559483,-9.39698045298287e-06,-2.28096865248966,3.00108502312832,4.95570437201475,-45.1174526774672,-39.4416413317943,1,0.589294424576726,-2.40746071390492e-05,7.94273023931527,12.9096714041782,-14.0933758907911,-134.850530078457,-128.091528400362
2960,test,TP,biotic,biotic,0.0123,0.9877,173,0.6301,0.0552751661143403,0.000119232353393498,16.1720073248078,24.4622113962696,-128.831469170576,490.373647731821,402.176516514676,1,2.75105804273443,-5.33254819678858e-06,1.35130246219886,-1.71415789007276,2.20642883769278,38.04720728776,39.8907753650306
2992,test,TP,biotic,biotic,0.0511,0.9489,173,0.6301,0.69345743643246,-1.21127983407878e-05,4.19942359488484,8.84462589615342,-12.1820843335926,147.206352525357,148.068305570005,1,0.575720546477991,-1.20835110537436e-05,4.79783036411812,10.1904786838482,-15.8159744423242,173.919179560262,173.091502082393
2996,test,TP,biotic,biotic,0.0493,0.9507,173,0.6301,1.85813084080802,-8.21948774549703e-06,1.87891221726519,4.25594848884985,-8.69220504840527,53.1784115505878,50.6210589888099,1,1.28073751248189,-1.03772008355204e-05,2.57271036470783,5.89284016838876,-13.2364057735162,76.6823045445725,71.9114389269521
3231,test,TN,abiotic,abiotic,0.9655,0.0345,173,0.3757,1.29782612375778,1.15108852377534e-05,2.31594482293893,5.09376857418181,-6.09822032563693,39.4331353276452,40.7446399100143,2,1.88292348983161,8.49693674381109e-06,1.55980823827683,3.68424427192638,-4.43235792888404,28.1938243234762,29.0055274017322
3232,test,TN,abiotic,abiotic,0.9836,0.0164,173,0.3757,0.152729729462053,6.31062069997895e-06,-17.2305745526806,18.4576125252946,23.9206412967539,-403.285552373785,-378.137866793797,2,0.12679890457544,4.96454548360346e-06,-18.8370298075843,21.282313053855,26.5294962204366,-446.861086461596,-417.886302030343
3255,test,TN,abiotic,abiotic,0.9885,0.0115,173,0.3757,0.201899713969972,-3.21681610753189e-05,11.8429576650608,-13.0904563581233,20.2947856337057,-343.719669293032,-324.67241452055,2,0.0796334075239094,-4.28687533109766e-05,-19.921695262016,25.8846569671229,33.8250900469799,-561.673015280601,-521.885006397267
3256,test,TN,abiotic,abiotic,0.9875,0.0125,173,0.3757,0.152729729462053,-3.60018832087865e-05,-14.5838152077847,14.692415542006,23.869414827349,-406.982162537944,-383.004183378256,2,0.266899539760428,-3.09318759228229e-05,9.07084897006463,-10.9522304014368,17.0418538661478,-291.879582225071,-276.719140722172
3268,test,TN,abiotic,abiotic,0.9798,0.0202,173,0.3757,0.0602397524400503,2.47297542376707e-05,-20.9316640485628,38.3520516155099,65.0015768255475,-654.049031206165,-571.627042083916,2,0.352825484115955,1.49122790208952e-05,-8.99557772117804,13.6512373641745,14.0660745441434,-248.910878960466,-230.189129861047
3269,test,TN,abiotic,abiotic,0.9791,0.0209,173,0.3757,0.352825484115955,-2.84086226331082e-05,2.84363139827454,-9.13615524713853,14.1670179582135,-230.683194388037,-222.80872868731,2,0.0725589950783532,-4.86227683659129e-05,-19.4956739520743,21.5969175696604,35.2882552886279,-560.400378178165,-523.010927894719
4924,test,TN,abiotic,abiotic,0.9642,0.0358,173,0.3757,0.616572553739092,8.4458250317314e-05,-7.98324032507862,9.45648192571944,26.0997319750784,98.4627572975442,126.035815331514,2,0.51188936614219,9.57262593101733e-05,-9.09202344443218,10.8669201407588,30.4753599227788,113.219703434999,145.470055780363
4933,test,TN,abiotic,abiotic,0.9609,0.0391,173,0.3757,1.3532114377109,1.72886490354961e-05,-2.60294254649882,3.16561539412397,-5.01169021661411,66.6736781079267,62.2246780275868,2,1.02365482705577,1.97275712759733e-05,-3.2597062579432,5.39521859774303,-6.29570939247097,83.9826012334095,79.8224239083096
4934,test,TN,abiotic,abiotic,0.9748,0.0252,173,0.3757,0.656445256609824,2.15758617121787e-05,-4.53898793810064,-9.18925990616108,19.7364144843793,123.673980144351,129.68216836033,2,3.50325089627868,8.91575926570243e-06,-1.12624405472673,1.8919297681262,-2.23197024812932,29.4007712095145,27.9344955905439
4947,test,TN,abiotic,abiotic,0.9065,0.0935,173,0.3757,0.0806940889306115,6.44835248716763e-07,-16.6743897355005,19.700008256853,-68.4632158469045,131.20449951097,65.7669028302535,2,0.128487809328549,5.90731641262754e-06,-13.7920250228575,16.3384287923012,-32.9106914532651,102.192252245566,71.8279704690613
4950,test,TN,abiotic,abiotic,0.8116,0.1884,173,0.3757,0.275344091927831,2.1004876675649e-05,-7.69056096057843,-15.2139430495799,96.1100484265242,185.188321923377,258.393887344619,2,0.698097634298266,2.38783330663582e-05,-4.33750141801335,-8.32091512906113,41.8272607558006,101.112655559781,130.28152364684
4954,test,TN,abiotic,abiotic,0.8498,0.1502,173,0.3757,0.300942766924802,4.26836359418679e-05,-8.07166336805425,-10.4133074486535,42.1139397934282,42.8025657318486,66.431577392205,2,0.300942766924802,4.26836359418679e-05,-8.07166336805425,-10.4133074486535,42.1139397934282,42.8025657318486,66.431577392205
4958,test,TN,abiotic,abiotic,0.9113,0.0887,173,0.3757,6.3270605711932,1.14992399878956e-05,-0.651498794724319,-0.97659195801102,3.28462441161607,16.9682378529769,18.6247830110976,2,3.00586636578646,2.22823192273735e-05,-1.32004805590431,-1.96172880333586,6.51425246191068,33.9122961656908,37.1447940506805
4962,test,TN,abiotic,abiotic,0.9882,0.0118,173,0.3757,0.159240889100902,6.03162840083008e-05,-12.4636960529468,14.4225005720591,17.1584205196307,-60.4118917380745,-41.2946063830474,2,0.0756523234162851,7.05832090286218e-05,-16.9412282650964,19.4255437799271,22.3674790295774,-135.091683572558,-110.239818444941
4970,test,TN,abiotic,abiotic,0.9642,0.0358,173,0.3757,0.209425839610513,6.00158559421936e-05,-10.9980998274985,13.0114318822142,15.4774671737277,-159.91186369162,-142.421004447321,2,0.303841035067607,5.26715976242552e-05,-8.78951938977815,10.4483013570834,10.6015252953582,-114.47980885183,-102.219448917569
5756,test,TN,abiotic,abiotic,0.974,0.026,173,0.3757,0.168117371972484,-2.1651166554619e-05,10.3348671652362,13.84123315848,17.825420512858,-387.169159109048,-345.16765992364,2,0.127174626622045,-3.37211111223587e-05,11.4334661811703,15.722980167875,20.27667669013,-443.558854322657,-396.125765004593
5761,test,TN,abiotic,abiotic,0.9759,0.0241,173,0.3757,0.140604774897225,-8.10648445971909e-06,-3.96208785976064,10.7708893018552,14.5350310316018,-167.084706174765,-145.740881807553,2,0.471251336280199,9.29002160392729e-06,2.82866493971996,6.39269904623769,7.41093042622513,-57.0727211867077,-40.4404174845034
5764,test,TN,abiotic,abiotic,0.9814,0.0186,173,0.3757,0.392176352645881,8.00451379214819e-06,7.0457622431455,8.28800523965268,16.5722091120887,-40.3081968251536,-8.4022122257529,2,0.204481075305311,-1.28731843910874e-07,9.36103656758625,12.0355371346406,27.8841375289153,-83.7329244835036,-34.4522133810934
5768,test,TN,abiotic,abiotic,0.9795,0.0205,173,0.3757,0.321481440534875,7.69379161326814e-05,9.61419595292261,10.4237148493461,14.2952907234559,-216.855118792891,-182.52184032925,2,0.424979544711186,6.27598140213494e-05,7.97860783452837,8.43140474989789,11.8817650174479,-178.106826888242,-149.814986526554
5881,test,TP,biotic,biotic,0.3864,0.6136,173,0.6301,1.14096326533245,-1.91812635411298e-05,4.61262383702465,8.36849146110643,-31.487161238151,-50.3988827234189,-68.9049478447023,1,0.716558183071468,-2.98763332091333e-05,6.53299822388707,11.8227855505468,-44.9510979854299,-75.2669855322041,-101.862329619533
5889,test,TP,biotic,biotic,0.1948,0.8052,173,0.6301,0.208184028167232,-0.000103962874319267,-2.12235919128876,16.3514099347543,-32.4725534707121,229.967842829832,211.724236139711,1,0.0821120705375337,-0.00018328351066711,-7.27230936125259,25.7525483550554,-58.8139306766622,351.592068060977,311.258193094607
5903,test,TN,abiotic,abiotic,0.9194,0.0806,173,0.3757,0.592000114781364,2.71135525002104e-05,3.06537811120148,7.04637040455899,-8.67589504635236,-45.4533818983749,-44.0175013154143,2,1.24610349515489,1.40501492441222e-05,0.957571979958388,3.81117950851686,-4.7383458944375,-19.1528438651574,-19.1224242209704
5911,test,FN,biotic,abiotic,0.6329,0.3671,173,0.3757,1.36759704760907,2.43597931130986e-05,-3.57574069176554,4.08940897378763,-4.38621154703281,-63.6898314891568,-67.5623503943744,2,0.133615593308708,0.000122455097802093,-19.3023300275304,-22.5084082697213,52.8781039650403,-431.892746012958,-420.825257890072
5913,test,FN,biotic,abiotic,0.9919,0.0081,173,0.3757,0.649719395144295,2.36343415688129e-05,6.2646663177929,-8.08531037687466,9.63717322777258,12.1631943364791,19.9797471395115,2,1.5009360714429,1.13900855976086e-05,3.14230093564524,-4.03309793349268,4.88250146584702,10.1725867480911,14.1643026061763
5917,test,TP,biotic,biotic,0.1378,0.8622,173,0.6301,1.43088552762563,-1.49492880168881e-05,1.38429058188125,3.85265078412091,6.94896121749034,-30.1098013528867,-17.9239137186822,1,1.72350668373013,-1.24430838950297e-05,1.0339647267543,3.29898147572337,5.9517780148686,-25.5426532990235,-15.2579415247611
5929,test,TP,biotic,biotic,0.1795,0.8205,173,0.6301,1.63920389094143,-1.25028615762757e-05,-3.47397074114483,3.47793885034227,5.68277682312927,5.7120542209267,11.3987866503918,1,1.23999762988205,-1.63200882126825e-05,4.38318173900223,-4.85334431858881,7.21194074121814,8.94696560564881,15.6887274471922
5939,test,TP,biotic,biotic,0.5022,0.4978,173,0.6301,0.254760823055471,-3.09990667971133e-05,14.0561732660016,21.3756789117852,-46.0408210367594,-293.387591861499,-303.996591719539,1,1.0284738394892,-1.49364938901896e-05,5.27573908160191,-7.07896528397265,8.34446899447412,-93.7009173307797,-87.1596894751702
5944,test,TP,biotic,biotic,0.3597,0.6403,173,0.6301,0.440027223027635,-5.05725039495582e-05,10.5173677359248,11.6034333357237,-25.0632176791724,-156.844543278041,-159.787010458069,1,0.209048580276156,-7.43553687804359e-05,16.9451722081633,17.7066531620413,-51.2462998909301,-263.884771991274,-280.479320867368
5950,test,TN,abiotic,abiotic,0.8134,0.1866,173,0.3757,1.14614371479281,1.58231668342598e-05,-4.78263780984099,-8.84820520881237,23.9062960389814,90.3510330494623,100.626501892957,2,1.14614371479281,1.58231668342598e-05,-4.78263780984099,-8.84820520881237,23.9062960389814,90.3510330494623,100.626501892957
5956,test,FP,abiotic,biotic,0.445,0.555,173,0.6301,1.30100552327867,-2.77170999877106e-05,4.21925104232422,-5.35942033292083,7.56567579934984,-59.1870733538844,-52.7615945622312,1,2.07156870875834,-1.82377457514154e-05,2.84271110072599,-3.14381336854646,5.11148142999566,-38.1625502906514,-33.3521893662219
5959,test,TP,biotic,biotic,0.1964,0.8036,173,0.6301,3.09573555680957,-6.44091201869271e-06,-1.25067934299669,2.00021326163838,2.9694040800736,-12.1853809138562,-8.46644935605297,1,2.13377043707314,-9.12488224966195e-06,-2.03478252813565,2.80009891596631,4.14968658582574,-16.700587718269,-11.7855938694948
