id,train_test,pred_type,pred,prob_0,prob_1,mainvar5,mainvar9,mainvar1,mainvar4,mainvar7,mainvar10,mainvar3,mainvar8,intvar4,mainvar6
201,train,TP,0,0.8513,0.1487,0.0546459486690667,0.0585198157977999,-0.0305822947302697,0.051910352080999,0.0182926293316303,0.0232876789291465,-0.0385761030596402,0.0146199578052528,-0.00208562226586936,-0.0224593149550021
202,train,TP,0,0.7846,0.2154,0.0686184507809966,0.0979661847579792,-0.0371031670796078,0.0536690520508291,0.0348284093197108,0.0370341221380312,0.0501113693657987,0.0288178923388774,0.0282378483221305,-0.0359395122934572
203,train,TP,0,0.7802,0.2198,0.144068435426572,0.18515274037084,-0.116235708693446,0.135533922307416,0.0494964229763631,0.0830241968276023,0.123633890314054,0.0332989335814791,0.0308428499549806,-0.0535406610433156
205,train,TP,0,0.8398,0.1602,0.123386088512827,0.125109342877418,0.0553489780159641,0.0929078870060132,-0.0282783244123624,0.038090509002244,-0.076663390048455,0.0238337498456543,0.00179465328975413,0.0357004162831982
206,train,TP,0,0.5537,0.4463,0.108516845706794,-0.131369580035182,0.0706134383429892,0.0839016186656239,0.0288339746926703,0.0647534258166046,0.0815883199568722,-0.0270321160524995,-0.0255484226447143,0.0303430345797117
207,train,TP,0,0.7701,0.2299,0.0683649607964131,0.0709310655251482,-0.0482976847538178,0.051040718589861,-0.015522717728143,0.0375138818444881,-0.0490168794104488,-0.0147319841293255,-0.0106494365174954,0.0253389533071212
208,train,TP,0,0.6606,0.3394,-0.0864281894470344,0.0878930643277835,0.0624130254782518,0.0714360778809657,0.0162520570568573,0.0258892801664437,0.0665987640177273,-0.0157984612078153,0.00970658904129634,0.0238174797316283
209,train,TP,0,0.5842,0.4158,0.0399230291581924,-0.0517102594478477,0.0315838616356723,0.0398126529406534,0.0126962321781762,0.0286610777509897,-0.0342465593096528,0.0103952290225512,9.90291232688341e-05,0.0159978126074034
210,train,TP,0,0.7888,0.2112,0.0781144509470688,0.0785399631124391,-0.0461205441053806,0.0665643716130404,0.0232153168388775,-0.0362401701674494,0.0579403585058854,-0.0198675816777456,-0.0167352085800968,0.0333465805777691
212,train,TP,0,0.6581,0.3419,0.0311624202617661,0.0320200672566884,-0.018021096304482,-0.0268779665496324,0.00679295240596604,-0.0156596042515564,0.0233471284759553,-0.000809601019167525,0.000463984185969547,0.00920949933687953
213,train,TP,0,0.8182,0.1818,0.0625470982106104,0.0910460786538312,0.0377148185957117,0.0546472814340693,0.017578261730534,-0.026151622236284,0.0522363645469604,-0.0104907362620729,0.00722205569423778,0.0233760133624413
214,train,TP,0,0.9363,0.0637,0.155714356030646,0.162383020145967,0.109861561570995,0.125609182521944,0.0581140224898309,0.0823090203846073,0.110972904320311,-0.0463860932437067,0.0443957356127757,0.0795847040943034
215,train,TP,0,0.6441,0.3559,0.0689687554188528,0.0799117578515387,-0.0497988829790324,-0.0566891222505076,0.027857757596667,0.0386563841913772,-0.0550736471938981,0.024427458681644,0.00455505765653963,0.0293321290857929
218,train,TP,0,0.6277,0.3723,0.0443648362049217,0.0558435949789854,0.0315197863566678,-0.0437045751401205,-0.00498572259170511,0.0220405702665134,-0.0387005364382722,-0.00460530529079865,-0.000481796606790752,-0.00567525936073064
219,train,TP,0,0.8064,0.1936,0.053347527352557,0.0577130114787046,0.0419592035738221,-0.047487531483636,0.0291851064475832,0.0413573783672817,-0.0471386922750649,0.0187372550233978,-0.00721505183031397,0.0366108202668377
220,train,TP,0,0.8031,0.1969,-0.116343646402112,0.129440308254861,0.0997422312566667,0.11559503142931,0.0384014318041306,0.0563537267311985,0.101667915834691,-0.0293126596483833,-0.0241498929550015,0.0411590100435536
221,train,TP,0,0.7918,0.2082,0.090839464318325,0.0965376887704108,0.0774722776713874,-0.0865343719459614,-0.0435921584532186,0.0732690150408889,0.0827851632672142,0.0242163221433407,-0.0229910236772634,0.0488667647776685
222,train,TP,0,0.721,0.279,0.257987121972094,0.276951070545366,-0.12064357216361,0.188329996852401,-0.0438022707280098,0.0845626386987326,-0.148921337435007,-0.0241952542311145,-0.0178058690448034,0.0622529869344834
223,train,TP,0,0.7888,0.2112,0.0532172967237286,0.0543728965816569,0.0419716413389866,0.0469461082652557,-0.0140315886785647,-0.0377123844632691,0.0455550711220968,-0.0124212274013596,-0.00355348685416896,0.0201972516106862
224,train,TP,0,0.8134,0.1866,0.228922038498389,0.290659696135143,0.179233365807976,0.199284925245054,0.0823904880720411,0.166959381137406,-0.193700135377787,-0.0434486701874856,-0.0407802088562772,-0.161250023940543
225,train,TP,0,0.63,0.37,0.0745515914634093,-0.0812306862748099,-0.0349200652857578,0.0679558750303108,-0.0157984795513276,0.0273587724934559,0.0524119653257047,0.0140332582892287,0.0105881379453932,0.0208774423594
226,train,TP,0,0.7481,0.2519,-0.156254709694503,0.157943945030809,0.12090123908318,0.129435704571431,0.0878215947497524,0.119666439182404,-0.1242126420098,0.0588259295528668,0.0464115400251981,-0.0979222825997923
227,train,TP,0,0.691,0.309,0.0758363343761602,-0.0841849666551424,-0.0622118759748629,0.0719393291560868,0.0213925343769258,0.0499386893344738,0.0714686431617731,-0.0178423111795936,-0.0027239035264063,0.0249551091390601
228,train,TP,0,0.7928,0.2072,0.097223729934473,0.118812822647795,-0.0747208282549435,0.0864007658906062,-0.0243213915296032,0.0300543166685522,0.0780796445839691,0.023331777544079,-0.0171315738424263,0.0257365466099863
229,train,TP,0,0.6051,0.3949,0.0254201397733988,0.0299363718959331,0.0162131043671145,-0.0247163154920232,-0.0060277156230042,0.0112085519421481,-0.0188372215359452,0.00496090464765713,0.00271374462988234,-0.0083864643869697
230,train,TP,0,0.5832,0.4168,0.0612474855106257,0.0626916236219676,0.052456346212285,-0.0584522198560752,0.0306030480325019,-0.0443450392599125,-0.0568211811173911,0.0274767634612214,-0.0146777974190706,0.0342569015477577
231,train,TP,0,0.6188,0.3812,0.0810284967041011,-0.0947978907620047,0.0665053328175023,0.0793716350852873,0.0279119825912902,-0.0517010309564287,-0.0748256639251416,-0.0157647890908697,-0.0122751574996364,-0.0376952525739169
232,train,TP,0,0.7201,0.2799,-0.0821707286047709,0.0854216243050483,0.0635283523887852,0.0736574701010643,0.0278161497355212,0.0451265363263534,-0.0666988522578539,-0.0207607950381863,0.0191495294408064,0.0310082726574292
233,train,TP,0,0.8153,0.1847,0.0686428308531778,0.0701641103877108,0.0380837959541547,0.0533616563728456,-0.0257114243925368,-0.0346217581189271,-0.0496944812928038,0.00463766584006024,-0.00193297287604844,0.0279742513424783
234,train,TP,0,0.8641,0.1359,0.0581403073246556,0.0598612097119005,0.0480779166626606,0.055945585343233,-0.0093725266459482,-0.0413095333029017,0.0538121693550989,0.00878512830818496,0.00842506279061512,0.0364044730254977
235,train,TP,0,0.7537,0.2463,0.0571130141103166,0.0668301450227456,-0.0385158342035789,-0.0481788113088965,0.0252829149031312,0.036719476169522,0.0481002960875683,0.00770620678882837,0.00248770523241638,0.0324930553338671
237,train,TP,0,0.6252,0.3748,-0.0357122637923492,0.0385607427687534,0.0172615742556426,0.0337972292116232,-0.0081759647664417,0.0156626459149457,0.024683535891641,0.00797232039836846,0.00630013301664821,-0.0128631918706008
238,train,TP,0,0.6313,0.3687,0.0580303866071348,0.0588010493222028,-0.0416449374320784,0.0427533685650405,0.029039831795091,-0.0360289205897563,0.0424743598280498,-0.0123253775829609,-0.0117039470309112,-0.0354817839778206
239,train,TP,0,0.6042,0.3958,0.0855427877483227,-0.0887851901516326,0.0478527416120544,-0.0693837894469153,0.0140764659513445,0.0448500230287774,0.0654250196441253,-0.0134662566541176,0.00227046794549856,0.0284661717290954
240,train,TP,0,0.5232,0.4768,-0.18605978566984,0.248243057145659,0.107441277005295,-0.167568212275524,0.0566110672011596,0.10300480180935,0.120869829683785,-0.0512126505115594,-0.0283340877291475,0.0820801217985907
241,train,TP,0,0.7099,0.2901,-0.11269214202337,0.129122946997835,0.0906042528090409,0.104128158038832,0.0708270914449906,-0.0854900754791123,0.0966443903952733,0.0261844462846508,0.0141587034595679,-0.0712419842346753
242,train,TP,0,0.6372,0.3628,-0.226690556608853,-0.264722098332821,0.172893331594341,0.202480820034357,0.145987937808427,0.172505633659209,0.181926301199301,0.0653027496271152,0.048654049482476,-0.153773029691776
243,train,TP,0,0.6733,0.3267,0.0721814494523729,-0.0967667009826883,0.0545950837489084,0.070389842729149,-0.0360941680922438,-0.040535766697789,0.0569681911394921,0.0221637161231682,0.017463108039672,0.0394698535684942
244,train,TP,0,0.6078,0.3922,0.0611948496768258,-0.0630854808398106,-0.0400382350416649,0.0455032371515326,0.0285467988727883,0.0330052760531361,-0.0400809664202157,0.0226921348681313,-0.00610617293732565,-0.0314045335829087
245,train,TP,0,0.5644,0.4356,-0.0600272767039098,-0.0707710259509809,0.0519642923605768,0.0545473224662405,-0.0165281359666406,0.0423571218041823,-0.0545160193751436,-0.0162697047732374,-0.00116011073457711,0.0390327152101087
246,train,TP,0,0.8613,0.1387,0.0487275484275973,0.0544655498233997,0.0342643044706581,-0.0420113614689581,0.0177379560194074,0.0313528739831324,0.0416738195793753,0.0141364976113267,-0.00373198551073617,-0.0220881048071912
247,train,TP,0,0.5656,0.4344,0.0930445991406045,-0.117705775264313,0.0583308040471584,0.0812868232345086,-0.0357713803151898,-0.0568742327168589,-0.0730626108171127,-0.0243870506845648,-0.0160412351463248,-0.0390240816083807
248,train,TP,0,0.6263,0.3737,-0.0939364343587634,0.106613176375938,0.0693477061140688,-0.0901583511285165,0.0229275242411359,0.0655736068520334,0.0716768521836415,-0.0226811071252183,0.00979630961695113,-0.0630618880694285
249,train,TP,0,0.9186,0.0814,0.0730855355323937,0.091866999613226,0.0652960735501004,0.0685218818991572,0.0452599499480214,0.0515071264724493,0.0655507355384357,0.0276273073510831,0.00452604292568584,0.0499454813295739
250,train,TP,0,0.6252,0.3748,0.0459974773294304,0.0532200162040813,-0.0392766395449127,-0.0431338419800426,0.0203899562216722,-0.0278807320897893,-0.042338554084357,-0.0128549764714662,0.00519690754303075,0.0233429122286789
251,train,TP,0,0.657,0.343,-0.0332595440779074,0.0362443717883469,-0.0302040836505773,0.031613474923636,0.00971122384755214,-0.0282220453543415,0.0305795047018518,0.00745522957721256,0.00311956610049295,0.0202939587282152
252,train,TP,0,0.6777,0.3223,-0.0989382588167124,0.100340294034404,-0.0810599685067567,0.0960967008064348,-0.0326072138197654,-0.0737849625450811,0.0885050205922719,0.0292874974923396,-0.00795343678278363,0.062694360307219
253,train,TP,0,0.7686,0.2314,0.387879004403793,0.417435345366473,0.259651693677614,0.377696442323864,0.139252284128639,-0.221964673720833,-0.26020856785215,0.0995899487045948,0.0265519868708965,0.212773544957798
254,train,TP,0,0.7409,0.2591,0.0444106776502191,0.0445895181997005,0.0321499333460258,-0.0352340965770238,0.0236246832840155,0.0314942177795044,0.0338566602348999,0.0188319717471579,0.00371842749475374,0.0275003456243089
255,train,TP,0,0.8191,0.1809,0.0715865701743193,0.0809169738530958,0.0596386577803602,0.0668731397518101,0.0297226689338339,0.050602994647481,-0.0621537357334506,-0.0131474055936182,0.00317041069718739,0.0387764290088255
256,train,TP,0,0.8442,0.1558,0.022761436271265,0.024433356487284,0.0183969705623561,0.0210473168500314,-0.0147747474389298,0.0156493640935686,-0.0204615939529184,0.00752247930037304,-0.00455425457630633,0.0149089106987011
257,train,TP,0,0.7122,0.2878,0.0617381957514095,-0.0658102577022481,-0.0351552928345883,0.0528203433028886,-0.0168890948437591,0.0339707250744269,0.0455661548646236,-0.0108783972334076,-0.00418626414091859,0.0301157776599405
258,train,TP,0,0.7109,0.2891,0.375942713051739,0.384025844785833,0.270883047480097,0.370590890455782,0.147113809840746,-0.253367796637996,-0.28402542999713,-0.0987399915439544,-0.0796355225491965,-0.211770405454738
259,train,TP,0,0.6174,0.3826,0.0677346891662563,0.0693602289228684,-0.0393461770820191,-0.0558925547218921,-0.0340451319512062,-0.0388354660594709,0.0477556473427116,-0.010812529297614,0.00490523012004558,0.0370923417958909
260,train,TP,0,0.8471,0.1529,0.0905704967053866,0.0919922556718203,0.0655023119258028,-0.0759108143582736,0.0303652168943959,0.0554596654050402,0.0668271230061448,0.02429691623791,-0.0175811898482503,-0.0547632032876722
261,train,TP,0,0.8168,0.1832,0.0766417428925726,0.0900307568393147,0.066176723210911,-0.0694709821341374,0.027446450429901,-0.0615507919140414,0.0687871590727012,-0.0182574246173077,0.000729021557155281,0.0521874601103214
262,train,TP,0,0.6031,0.3969,0.0475436756549317,0.063885390321213,-0.0354190390874436,0.0448754640161951,0.0187749810640844,0.0327035045667527,-0.0363908957922147,0.0176568494877785,0.0140595752399986,-0.0218628727261911
263,train,TP,0,0.5922,0.4078,-0.0839766063814734,0.0940444572624671,-0.0309096031691993,0.0645303504731844,-0.0206758940916677,0.0281250584335289,-0.0504007388541829,0.0157804312825723,0.0130597785829486,-0.0255023050867536
264,train,TP,0,0.8109,0.1891,0.0741540557583024,0.0812379615916464,-0.0565946556510206,0.0711908851442503,0.0208024256794377,-0.0492811684944732,0.0642711285632039,0.0190206078010377,-0.0124230642955911,-0.0423151639739131
265,train,TP,0,0.6775,0.3225,-0.144444228025149,0.183682134104915,0.0751987665990654,-0.13677560620843,0.0519326818677432,0.0676020812481761,0.0918561970856946,0.0262535296492594,-0.0189861605257393,-0.057779195220571
266,train,TP,0,0.5558,0.4442,0.0718847353773449,-0.0746992816697627,-0.0391203426966567,-0.0544087315434013,-0.0168866997810765,0.0322534431274692,-0.0403857549442009,0.0165078623939384,0.0161431067026014,0.0245655006484352
267,train,TP,0,0.7373,0.2627,-0.0321538888817155,0.0354238269718453,0.0254861361310342,0.0316675655765034,-0.00576106737854166,-0.0136706446646851,0.0262057707890312,0.00484924367692624,-0.00196616692327733,0.0121645257389229
268,train,TP,0,0.8915,0.1085,-0.2046149810179,0.204691341381725,0.142375985534595,0.197336801043281,0.0948087831408028,0.121743209765306,0.172152072268245,-0.0884909731489233,0.0655821036660833,0.119162113329131
269,train,TP,0,0.9027,0.0973,0.0343135879278039,0.0347777887459298,0.026158607151917,0.0273882397218777,0.0112244742627523,0.0204875943029094,0.0264491716904706,0.0038309932512035,0.000943844090960212,-0.0173866697395462
271,train,TP,0,0.7831,0.2169,0.0788010302863197,0.0939955306845607,-0.0575337988296955,0.0772418728970487,0.0434145670278596,0.0560557829754675,-0.0587961689227325,0.0385686914451929,0.0228665673797059,0.0465705037104539
272,train,TP,0,0.8357,0.1643,0.0627502639462006,0.0728009980281428,0.0466702600243723,-0.0622849538323571,0.0122993000407232,0.0396237238761588,0.0495740761694581,-0.00942423394640183,0.00554467376604869,-0.0134573052304698
274,train,TP,0,0.6428,0.3572,-0.078515252502472,0.0801402723216169,0.058660793729364,0.0636349983727656,0.0421132674905246,0.0482577156216488,-0.0620262453349418,0.0135888468590356,-0.0067343945112915,0.0475279063436398
275,train,TP,0,0.7382,0.2618,0.0657339021435806,0.0677059561283023,-0.0434919979151827,0.0540761137536138,0.0173613369435874,0.0231637613427197,-0.0511728869688091,0.0170684035951064,0.00361765122287174,0.0184005187768284
276,train,TP,0,0.9033,0.0967,0.116497012065565,0.125529741951517,0.0915732503504524,0.115507344458509,-0.0564923998474568,-0.0796736690601499,0.0972913357867699,0.0549856257334333,0.0422618150352798,0.0716432393950259
277,train,TP,0,0.5568,0.4432,0.0612526049805876,0.0699804822054124,-0.0421521278975582,0.0519292108122355,0.0127515733784413,0.0312027357179182,-0.046024676292283,-0.0091205158468601,-0.00293630151357559,-0.0195237020003306
278,train,TP,0,0.5318,0.4682,-0.0997873359955272,0.105837896034877,0.0549236996849567,-0.0861457837140841,0.0427693007357495,0.0450829314728085,-0.0649836066183774,0.0134182088579041,-0.000732480856592297,-0.0445145320127328
279,train,TP,0,0.6905,0.3095,0.0964458692142138,-0.11242239171664,0.0529520614963003,0.0782105995153811,0.0283094423360769,0.0415504393651536,0.0705773045102354,-0.023917282918815,-0.00642491496372863,0.0331378944301641
281,train,TP,0,0.759,0.241,0.0441200293972126,0.0511136843353698,-0.028624641219113,0.0421508424219732,0.0198688831759652,0.0279631867425744,-0.0389903631547297,0.0159795339717605,-0.0103809045233819,0.0209364721183374
282,train,TP,0,0.5479,0.4521,0.0851969329037495,-0.0854211865590915,0.0529499614988046,-0.0776443542518109,0.0432622968565767,0.0452003181676676,0.0578516756949082,0.0305982953459964,-0.0274139042520201,0.0441531132784201
283,train,TP,0,0.7703,0.2297,0.0632855379208789,0.0640317839732627,-0.0458951969564121,-0.0493681922995678,0.0277789174276681,-0.0437713537878968,0.0460648268163105,0.0250072523751612,0.0157179126750318,-0.0298595664381556
284,train,TP,0,0.7571,0.2429,0.0735068159288237,0.0794625967844399,-0.0576001126981368,0.0717273102276171,0.0320405874670577,0.0492870097796973,-0.0645891128415128,0.0244848404916014,-0.00538501360551529,-0.0352769114259454
287,train,TP,0,0.7403,0.2597,0.140589019663232,-0.151227174481275,0.108498646022151,-0.127589256082222,0.043292283148358,0.0943141680718798,-0.122840622620916,-0.0200872494251183,-0.00978336033249862,0.0811575205111292
288,train,TP,0,0.6411,0.3589,0.177232918171775,0.230170002101743,0.0823363148204452,-0.17305804906847,0.0382955280260865,0.0723892588099087,0.168998967399734,0.0160469048182559,0.00372065876861307,-0.0534440378207923
290,train,TP,0,0.4792,0.5208,-0.0467077263731767,0.050080372434971,-0.0291723980816709,0.042873191459369,0.0132585052569956,-0.0268574605563557,0.0422751523072504,-0.00794297793127459,0.00793199537281367,0.017030647094663
291,train,TP,0,0.7403,0.2597,-0.167899197236743,0.2112910967723,0.0886013075445165,0.146724067150584,0.0482633000605954,0.0737536850835466,0.0964757194257217,0.0417777119356263,-0.020271573249419,0.0497767655444202
292,train,TP,0,0.7154,0.2846,0.081494464999925,0.117283310065833,-0.0634987657292611,-0.0712924713916549,-0.0240799997082599,0.0617043206472408,0.0688385824016297,-0.0233153325709823,-0.00336948367524194,0.0414064352033
293,train,TP,0,0.7237,0.2763,-0.0981901298439143,0.100256500669433,0.055341053717803,0.0716740368339462,0.0246117125471211,-0.0536649910883413,0.0630401238385043,0.0184655596930177,-0.00305327964477066,0.0366838985473191
294,train,TP,0,0.5782,0.4218,-0.127495619462608,-0.145857479576282,0.106317723317854,0.122204998848521,0.0600805766961223,0.0910644387594841,0.106575998750127,0.0356287102626911,0.0133586975947128,-0.0889617959849183
295,train,TP,0,0.5011,0.4989,0.0567809174365526,-0.0648887116197873,-0.0472742413456944,-0.0532428943230802,0.0269672771010852,0.0434704102299286,-0.0494598317999048,0.019169643566199,0.013362081739626,0.0324340497464282
296,train,TP,0,0.7778,0.2222,0.0774005631338971,0.0776901347579577,0.0549757203014401,0.0648972435516609,0.0230853499134902,0.0473542252806179,-0.0596592989883502,-0.016365943816551,-0.00830045944875455,-0.0467667893328657
297,train,TP,0,0.7196,0.2804,0.0406053588021914,0.041008332070389,0.0218975934474512,-0.037181609243121,0.0140614726880582,-0.0186976496639813,0.0220947964512321,0.00763385391960991,-0.000687694399007067,0.0171554564001214
298,train,TP,0,0.7557,0.2443,0.0666590022937053,0.0733811792872276,0.0382071615174626,-0.0439804953993417,0.0150101343655675,-0.0362995556140836,0.0417496485021408,-0.0142202900261209,-0.000294275418013633,0.0289120987273621
299,train,TP,0,0.7304,0.2696,0.0760250397516622,0.0769540446944884,-0.0607687428504441,0.0716039110932611,-0.00936584112106031,-0.0533185175722657,0.0704447144252187,-0.00865606963544639,-0.00474760180010573,0.0229804843723559
300,train,TP,0,0.7825,0.2175,0.198433603663269,0.236939453907447,0.129479986734611,0.176014971121568,0.092276711393873,0.116283350937737,-0.137432582681859,0.0768227716856741,0.0520064238817294,-0.109822667950473
301,train,TP,0,0.8528,0.1472,0.116712565793603,0.120443853553338,0.0918849258841045,0.107815171563667,-0.0505627709287645,-0.0888416686943025,0.100097916934183,0.0378738019227686,-0.0281056947341973,0.0513598785152581
302,train,TP,0,0.7791,0.2209,-0.035381804772024,0.0380214399339023,0.0265889853023244,0.0303763467705983,-0.0129932103926673,0.0222082343379968,0.0266675012162823,0.0116116342418259,-0.00822656531673584,0.0207840060474611
303,train,TP,0,0.9537,0.0463,0.0531408420211976,0.056074611831026,0.0418396164071172,0.0504698543180315,0.015990169650419,0.0352860043886133,0.0436334815186218,0.00349345222533607,-0.00162296119958892,0.0320121537591176
304,train,TP,0,0.5631,0.4369,0.0796771520878218,-0.0901294031003377,0.0635896736268186,-0.0780599854377932,0.048298664593974,-0.0586947884430098,0.0697611244153205,0.029658972042189,0.0254520358429558,-0.0564804623541011
305,train,TP,0,0.7447,0.2553,0.209827838747035,0.252862995769149,0.116051482175214,-0.178195295977378,0.0711750618601646,0.102654822707639,0.165111778656082,0.0705545121365423,-0.0478933184459974,-0.0956035377395141
306,train,TP,0,0.7817,0.2183,0.0504082034901387,0.0615619480231682,-0.0323403732319143,0.0409530017508949,0.0244665170653933,0.0264451294747296,-0.0368827117269851,0.00775983750344799,-0.00648884851495888,0.0257221245618182
308,train,TP,0,0.6001,0.3999,0.02165313071068,0.0348196691155268,0.0194536571081131,0.0210721617919299,-0.00880992254320486,0.0170270020686319,-0.0200429585174598,-0.00737434660634805,-0.00186112957078849,-0.0104809893208134
309,train,TP,0,0.5464,0.4536,0.0768603993015081,-0.092188725336049,0.0488951893639637,-0.0691544169782677,0.0272115971405467,0.040089592339996,0.0563920429834192,0.00706464406827538,-0.00221085337755988,0.0385069157877324
310,train,TP,0,0.5418,0.4582,0.0674798831618314,-0.0702427348946261,0.038319609800041,-0.0575503172921425,0.019639285192901,0.0338816519226826,-0.0459115144873038,0.0194489797959136,-0.00712401047451577,0.0273275273635874
311,train,TP,0,0.5989,0.4011,-0.0500502035493106,0.0640177747692261,-0.0323057657434079,-0.0460417970968367,-0.0165851920042066,0.0310681387241807,0.0412383987349501,0.0145178265537312,0.0100441898617937,0.025877424989635
312,train,TP,0,0.8045,0.1955,0.0378630129500769,0.0384894791017219,0.0214173852177153,0.0324428488656586,0.00582039632258502,0.0207062407097837,-0.0301777119312885,-0.0057163250920169,-0.00105152562030141,-0.00708512217727857
313,train,TP,0,0.7575,0.2425,0.0709557418383942,-0.0814034067961919,0.0565978272146235,0.0679242706444523,0.0433154684108212,0.0481571049321528,-0.0597761263491324,0.0307530381754494,0.0240506107055002,-0.0461873751930642
314,train,TP,0,0.5876,0.4124,0.137248410966664,-0.140150214879019,-0.105513954089067,0.118605681581286,-0.0776567674417307,0.101250593555688,0.113580498154604,-0.0292882483723707,-0.0225448439778012,-0.0836934762661635
315,train,TP,0,0.8283,0.1717,0.0421907740742466,0.0466622242921058,0.0245768473315369,0.0348336698778537,0.0150254628248828,0.0199868989822969,0.0264112790195722,0.012163100953969,-0.0110014937017646,0.0162914702819567
316,train,TP,0,0.5732,0.4268,0.0303545048305792,0.0344556156068228,0.0160581656387836,-0.0265670544154266,-0.00653803338737021,0.0132561863789686,-0.0240731448524805,-0.00525821229300245,-0.00222580611178471,0.0117965015366982
319,train,TP,0,0.7248,0.2752,-0.166339053283718,0.194454209677072,0.144988122401108,0.157241159595933,0.101645658685379,-0.120050200521113,0.148682286348792,0.0580987791039033,0.032505537159046,0.102718936337484
320,train,TP,0,0.8074,0.1926,0.0194543936054629,0.0200934991438999,0.00706765679284069,0.0178817811745041,-0.00275603676671027,0.00636195711752687,-0.0157019346878672,0.00233462635296745,0.000178025670684219,-0.00610549033863759
322,train,TP,0,0.905,0.095,0.0939404706759243,0.102642907100502,0.0711561930947151,0.09056345651358,-0.0356779943744886,0.0580369906253573,0.0744808819622321,-0.0111727233645188,-0.0106048165959633,0.0541805379511742
326,train,TP,0,0.6754,0.3246,-0.132757192599656,0.164635846744764,0.10820875177891,-0.126316415981658,0.066536508045661,0.0979093298716242,0.111881459921338,0.0459014516659732,-0.00464952340830589,0.0913765851374919
327,train,TP,0,0.6693,0.3307,0.0454560991845441,0.0662740552463368,-0.0283203559514179,-0.0431825868544801,-0.00871086065764234,0.0225932079872874,0.0371019289341168,-0.00480802263037313,0.00113107028169222,-0.0117839586154303
329,train,TP,0,0.7435,0.2565,0.0431682874919023,0.0447408133369831,0.0241022463621878,-0.0355159671499211,0.0184570004792048,-0.0234534684147565,0.0345340868068768,-0.00620541314882593,0.0060385058862462,0.0217880057252117
330,train,TP,0,0.8109,0.1891,0.0537776115561531,0.0612232071529062,-0.0404213705703088,-0.0482369864079159,0.0161108633163152,0.033363279775131,0.0452366091867612,0.00347316081950606,-0.0034469569959608,0.0311469418837405
331,train,TP,0,0.6098,0.3902,0.0986769475966946,0.108308889081192,0.0882464373587918,-0.0900536433801923,0.0336283006082119,0.063232629596071,-0.0893146992214107,-0.021914779215389,0.0192640779000519,0.0601753478795731
332,train,TP,0,0.8003,0.1997,0.0739079338878206,0.0821716981419543,-0.0621908259996886,0.0648648237020604,-0.0156804440109629,0.0451916585688188,0.0622763267519861,0.0102621089771052,0.00142046169017686,0.0331242585387415
333,train,TP,0,0.7878,0.2122,0.387598555506682,0.52993610961255,0.339852005668515,-0.373393704878631,0.172406204294232,0.32416069417356,-0.359966068230003,0.116843710939675,0.00416554869782534,-0.310296680379254
334,train,TP,0,0.7478,0.2522,0.312425725281906,0.372530774559364,-0.206061772327124,-0.304291911995476,0.131959655115681,0.196927110292202,0.259976714047524,0.0531187709076381,-0.051809762642095,-0.135218929259081
335,train,TP,0,0.8443,0.1557,0.0614954900764163,0.0702142781503941,0.0406979750658561,0.0587684876281753,0.0138815940104024,-0.0395757535020456,0.052844922727848,-0.0128704166038738,-0.00187507686873131,0.0371726901544515
336,train,TP,0,0.8921,0.1079,0.0457095810864408,0.0482837222824988,0.0343360489658211,-0.0410422720641342,0.0246172631009601,-0.0340380027542274,0.0367173331635946,0.0194915279356145,0.0099527713854656,0.0314441475333322
337,train,TP,0,0.7465,0.2535,0.0778512441491948,0.0883634963229427,0.0538846253493538,-0.067793588278617,0.0268395652118705,0.0486381961607797,-0.0620712849042622,0.0166540922800954,-0.0147630586994467,0.0397851943567124
338,train,TP,0,0.6031,0.3969,0.0620374923581005,-0.062195223703062,0.0389049692600899,-0.0591070741180185,0.0261944749694355,0.0387362228390735,0.0484244624380117,0.018159493795347,-0.0144774633898015,0.0343118691365063
339,train,TP,0,0.8453,0.1547,0.0604549470943157,0.0636174331639504,0.032123956292708,0.0497045415163739,0.0151344115290217,-0.0252023583896704,0.0382622137338463,-0.0111053632815091,-0.00824432810754976,0.0199884366879445
340,train,TP,0,0.7843,0.2157,-0.081679753388574,0.082593468329584,0.0624617044496108,0.0692263754874329,-0.0379521889545036,0.0540356870108011,0.0663302066013929,0.0344989771829164,-0.00610822186216793,-0.0537212051581578
341,train,TP,0,0.7387,0.2613,0.0456722395108947,-0.0457575066475803,0.0354193395047221,0.0388428002998085,-0.014813754669612,0.025328309453129,0.0377966599676242,0.0135371397804782,0.0104637013733046,0.019777911621076
344,train,TP,0,0.7909,0.2091,0.146574101915033,0.16773277821802,0.120431315553118,0.135650276541631,0.0853087217569782,0.0986848007642687,-0.130031158245023,0.0692942244331678,0.0518497892657918,0.0916500948101368
345,train,TP,0,0.8699,0.1301,0.0505199015211618,0.06405164543687,0.0296634505356843,0.0484465820126174,0.0108867840383654,0.0130076112032972,0.0345608201266184,0.00597344511666812,-0.0034639755762035,0.0125965816866232
346,train,TP,0,0.8624,0.1376,0.045488369266441,0.0461234221854715,0.0281731408992438,-0.0372732051127386,-0.00953672866509851,0.0193680204357817,0.0281847970932371,0.00172037406198862,0.000923990309548269,0.0105857945047141
347,train,TP,0,0.8876,0.1124,0.0464349947069829,0.0509265201354358,0.0353897564552572,0.0404882840383943,0.0139173624417327,-0.0300702088766365,0.0365362230058757,0.00492881464698893,0.00129667029477689,0.0267553856871952
348,train,TP,0,0.6871,0.3129,0.220088686730658,-0.320235939244818,0.102572229426338,0.173186652994108,0.0714154675674036,0.0948954816816022,0.158291599193617,0.0198539482390057,0.00819814848738915,0.0779588853091574
349,train,TP,0,0.5942,0.4058,0.125781854012596,-0.185146142261263,0.105519444297211,0.116815386548132,-0.0411830268961537,-0.102429001063789,-0.111345141671624,0.0262621471463656,0.0170171891286225,0.055091591818582
351,train,TP,0,0.7634,0.2366,0.0479925510439668,0.0505116467253595,0.0333946843828552,0.0417750924314221,-0.0121051293590118,-0.0321778309516752,0.0414864430841156,-0.0109243897137249,-0.00380031653617979,0.0179518143186055
352,train,TP,0,0.6383,0.3617,-0.101874861610868,0.116528765863432,-0.0778712245510106,0.0897900624312099,0.0210006912969099,0.0656901100190404,-0.087459511604394,-0.0173407744058957,0.0127144614004134,0.0360645069341775
353,train,TP,0,0.6844,0.3156,0.0753309494656273,-0.0793425967252932,0.0581746015963566,0.06672915812544,-0.0470179585830154,0.0536067904003218,0.0595476431633364,-0.0153886025314571,-0.0027029938243199,-0.0486568521008824
354,train,TP,0,0.6827,0.3173,-0.061891146099864,0.066068876246381,-0.040585815851103,0.0590384798436603,0.0224208277050773,-0.0303648652138505,0.0578099176113621,0.0204030428667057,0.0186207644033669,-0.0224994601958993
355,train,TP,0,0.8517,0.1483,0.149517825591419,0.150213032423252,0.120362729561397,0.1351460843787,0.0528170332630211,0.120081033076298,-0.124763938504027,0.0243020529737565,0.00723487140526286,-0.0971583191305506
357,train,TP,0,0.5715,0.4285,-0.102393075483612,0.126646790312316,-0.0783018891089487,-0.0809026614165407,0.0275683248615102,0.0540007292994612,0.0790324191249699,-0.0275279547385024,-0.0154162949233223,0.0349134046860585
358,train,TP,0,0.5884,0.4116,-0.0766580913539817,-0.0862819813349102,0.0489876755663975,0.0740848741999353,0.0315417285849904,0.0381684395876359,0.0638402816093811,-0.00487356063329241,0.00194283852328809,0.0359413619474497
359,train,TP,0,0.6253,0.3747,-0.175668874260239,0.194389341044216,-0.125718866515335,0.167432997658148,0.0924208108741353,-0.117238917527196,0.137376487300119,-0.0164060963508009,0.015635512601879,0.105606972559722
360,train,TP,0,0.5101,0.4899,-0.0965013270456851,0.100262846294145,0.0697753605130229,-0.0957139562854034,0.0514185677908966,0.0669293460667723,0.0806207825578436,0.0403551366936868,-0.0108485559809913,-0.0561517547802064
361,train,TP,0,0.7475,0.2525,0.0311534598731974,0.034594938545822,0.0186780187840877,0.0309352758091465,0.0106034178134844,0.0175003691838716,-0.0266967561879094,-0.00775717424953865,-0.00295528634983405,0.0116466852669556
362,train,TP,0,0.7161,0.2839,-0.0385501265028374,0.0392493320653233,0.0231602511875402,0.0285165858286,0.0120924888965686,0.0217450042304465,-0.0233065199416733,0.00961262969974973,-0.00545486085813477,0.0160120038927679
364,train,TP,0,0.8631,0.1369,0.0830291716887497,0.0867041215396192,-0.0660614899524255,0.0755118841643004,-0.019833657041849,0.0652550675218491,0.0717984959997895,-0.0142952022229295,0.0142692313150554,0.0465099967165499
365,train,TP,0,0.5101,0.4899,0.123424190842413,0.125971541718384,-0.103322469448684,-0.115769198073377,0.0596158474522197,-0.0858959616647197,0.113896108066048,0.0440308273174662,-0.028044673607817,0.0600993714307521
366,train,TP,0,0.739,0.261,0.0857721920069542,0.0960005399678414,0.053364906152966,-0.0758180992975965,-0.0155460746122622,0.0292448969595159,-0.0568482174917907,-0.0151048837471254,-0.00113602103710989,0.0197185625423506
367,train,TP,0,0.663,0.337,0.0582146054652408,0.0584198037760059,0.0525816027941486,-0.0574659965854389,0.027455180365552,-0.0511639506051153,0.0561288386583007,-0.0131260471872165,-0.00601601895182747,0.036148466039227
369,train,TP,0,0.7043,0.2957,-0.049296861397525,0.0577573597325971,0.0403719068932473,0.0441225762965855,0.0173403974854766,0.0292819102274979,-0.0407178069099816,-0.0120120456226991,-0.0102174847404571,-0.0201316059120297
371,train,TP,0,0.8648,0.1352,0.0969177338487131,0.123953646330906,0.0824581581518135,0.0930467878000054,-0.0391152518546872,0.0634747747371942,-0.0917776003538876,0.0336168043815779,-0.00689123890620863,0.0502387245205055
373,train,TP,0,0.544,0.456,-0.10702954065515,0.11934520884884,0.0725064647078925,-0.100614319433066,-0.024652705640992,0.0379080567210702,0.0771980542470939,-0.0124875877922252,-0.002442141920845,-0.0326227739785393
376,train,TP,0,0.8643,0.1357,0.0472900090311086,0.0502037918566229,-0.0407709215734373,0.042705389599535,0.0191045260626349,0.0285479504972401,0.0418468823667252,0.016079748168912,0.00546251430214247,0.0284294289723143
378,train,TP,0,0.644,0.356,0.100925595580188,-0.10492062981494,0.0740850821336653,0.0970002631418302,-0.0331788216578013,-0.0577267412118955,0.074133011614529,0.0329738444605391,0.0047655454988673,0.0440001208647558
379,train,TP,0,0.8945,0.1055,0.0574929252752883,0.0647752992525107,0.0440864909183522,0.0486561750003393,0.0251784036364652,-0.0320723083562997,0.0470654321695026,0.0249330135075317,0.0194702058722888,0.0265210557128536
380,train,TP,0,0.9143,0.0857,0.0776891686706756,0.0786148214410105,0.0480716046629106,0.0682941932550907,-0.028206637733427,-0.0417996034191552,0.0578978261450338,0.0187919328352699,0.0160902234954385,0.0282354504426741
382,train,TP,0,0.5593,0.4407,-0.0864166884127903,0.0871016750933354,-0.0697369908990549,0.0739836905665144,0.0304277673862342,0.0471603339437053,-0.0699962854478401,0.0258721487962637,0.0232919547943882,-0.0401822727718514
383,train,TP,0,0.7437,0.2563,0.0669290851843747,0.0677615469262211,0.0268478051273876,-0.0525087008189558,0.0120612167985571,-0.0218683402801535,0.0469348092844992,-0.00459392771467447,0.00259235234673706,0.0161755940026679
384,train,TP,0,0.6901,0.3099,0.0330968917081565,0.0357472614923686,-0.0259542863054911,0.031953505164133,0.00890814658122484,0.0153061912721243,-0.0283098838681325,0.00460779605380216,-0.00214341952672874,0.0133740691632886
385,train,TP,0,0.815,0.185,0.127357530734206,0.142163857152497,-0.0961354022134344,0.119885525431607,0.0298446829918943,0.0713232122984093,0.0963806138273827,-0.0177766949266433,0.0110514266485261,-0.0449512413883879
386,train,TP,0,0.5719,0.4281,-0.131476894020833,-0.142059540647994,0.0845565118189865,0.106963725715321,-0.0308335712295174,0.0814945337699074,-0.100516257909701,-0.0280349532099878,0.00333790698307472,0.0751920282942723
387,train,TP,0,0.8237,0.1763,-0.0655224318039066,0.0710705470560677,0.0439309024602843,0.059189438308592,0.0269166062525458,0.0388972716924379,0.049224119753701,-0.0247519802683774,0.015495513606246,0.0353032760455185
388,train,TP,0,0.7,0.3,0.0500301739939603,-0.0549225512164766,-0.0409952715288334,0.0472600133452632,-0.025763362752155,0.0312376270808722,0.04110302509906,0.0220784771199555,0.00651398499618042,0.0294289335559611
389,train,TP,0,0.7003,0.2997,0.0515009653347182,-0.0624007065289409,-0.0430516616203614,0.0461532492114547,0.0283669629060433,-0.0376769862756908,0.0433499834347488,0.0247735196379086,0.0120455179230787,-0.0367999102654286
390,train,TP,0,0.7734,0.2266,-0.0647679632984859,0.0751706534343462,-0.0447141122737532,0.0632856842016707,0.0222601596437146,-0.0321525009808019,0.0467651865931458,-0.0189224965913079,0.0184164686061623,0.0233951320515058
391,train,TP,0,0.8066,0.1934,0.040968716483042,0.0504208314188454,0.0315512832704815,0.0341244597609389,0.021796339689503,-0.0241675045937908,-0.0328267668344524,0.0163011059059056,0.00311954822012755,0.0236835054553668
392,train,TP,0,0.7212,0.2788,0.168398599501693,0.168609857613065,-0.105988929347726,0.152338014728208,0.0432391818780758,0.102215439573079,0.112939868342885,0.0310334011828029,0.00762318502597912,0.0898769005935356
393,train,TP,0,0.5644,0.4356,-0.0313877919808896,0.0407586166509622,0.0206046444807622,0.0311623050690714,0.0112313650409084,-0.0164705428280625,0.0217526245468353,0.00765908150843038,0.00563684254691147,-0.0156734056556356
394,train,TP,0,0.509,0.491,0.0888460238335152,-0.0971433389479823,-0.0431519055720498,0.0705095225307363,0.0279184370173544,0.0364370270717712,-0.0436673127278846,-0.0249847156803468,-0.0149898456642613,0.0328696588253755
395,train,TP,0,0.9202,0.0798,0.0427367615903734,0.0430722932282343,0.0287601214784517,0.0320157916163665,0.0125762054233022,0.0250042467448495,0.0305698620929854,-0.00891339566624085,-0.00151798998351352,-0.0161417178141414
396,train,TP,0,0.7551,0.2449,-0.0433740209337216,0.0469557894921714,0.023873036384594,0.034536791679568,0.0168946120003535,-0.0234857264438138,0.0325250714999467,-0.0152618038861475,-0.00925572010399553,-0.0213205269623308
397,train,TP,0,0.9367,0.0633,0.044688574690013,0.0450197565526754,0.0248855907500521,0.0406169117716579,0.0184318226679088,0.0224996518410878,0.034167746758273,0.0130441822958929,0.00269510076516284,-0.0199021649465823
398,train,TP,0,0.9134,0.0866,0.0675303289241684,0.0794089205733954,0.0579403025904474,0.0612326424581859,0.0179049497876712,0.0477283137482605,0.0589546047970101,0.017487727269235,-0.000549966043899618,0.0211504086433123
399,train,TP,0,0.6571,0.3429,0.0817270868751406,0.0872559699685,-0.0661551774655679,0.0762564650170498,-0.0145370557324345,-0.0525569595557234,-0.0707722810699705,0.0128012752993524,0.00161624868826797,0.0523062320957721
400,train,TP,0,0.7619,0.2381,0.0652901857176143,0.0833806642476074,0.0545185398154519,0.0649153623142439,0.0326326872969751,0.0510981786317957,0.0648411015157115,0.0225724689045384,-0.0189281103911162,-0.0387164815875832
451,test,TP,0,0.704,0.296,-0.0703559370626141,0.0948257789392973,0.0412280925258734,0.0637010938879117,-0.0192808841352499,0.0320006145967461,0.0557654666561002,0.0188367224955203,0.00194562426322678,-0.0207682148150016
453,test,TP,0,0.8699,0.1301,0.26839573458827,0.28264674191042,0.19962716857074,0.237413583708177,0.0886004721530339,0.18629083081651,-0.219239844074637,-0.068573670495412,-0.0219191049123743,-0.180102280236739
454,test,TP,0,0.7437,0.2563,0.0448140398575563,0.048156855217205,0.0364003250027327,0.0422086301456823,0.021792698278864,-0.0354327099181733,0.0375604770681989,-0.0123720092324612,0.00581097798308085,0.0219792583352409
455,test,TP,0,0.7898,0.2102,0.0716612578037093,0.0795107004693678,0.0560007949874215,0.0659036325870046,0.0285211671619672,0.0497864046223844,-0.0622832417340376,-0.0182390357666228,-0.0162159925255813,0.0396264775552375
456,test,TP,0,0.8246,0.1754,0.0371127775493138,0.0446951012334708,0.0310122295110238,-0.0340758284728268,0.0190005285950699,0.0298625579472372,0.0314702133460879,-0.0101108049558944,-0.00901166858072276,0.0241346378708957
457,test,TP,0,0.846,0.154,0.0923959789534432,0.0944351653510777,0.0562982603223598,0.0748183720584189,0.0304152761035067,0.0507364344497924,-0.0636118878507375,0.022668326935161,-0.00772672286961121,0.0376763957330692
458,test,TP,0,0.6091,0.3909,-0.0311237261457854,0.0347141132206047,0.0137245494811896,-0.0214364828830496,-0.00602174064319175,-0.0131299917200355,0.0190018753441933,0.00459413720677258,-0.00162511657722238,0.00963530388317111
459,test,TP,0,0.7122,0.2878,0.0705548104967923,0.0787889871166299,0.045431391863787,-0.0539646117641555,0.0280718555632005,-0.0371211416214946,0.0509740131527802,-0.0164896430684256,-0.0135270916440282,0.0362439158103864
460,test,TP,0,0.511,0.489,0.0359091630839449,-0.0375165741375175,-0.0229628025789608,0.0334897596999333,-0.00212871106958199,-0.0219212583702784,0.0277075200294552,-0.000994587469700462,0.000581666129491968,-0.00818600861319478
461,test,TP,0,0.7264,0.2736,0.0950419376824738,0.116777887060134,-0.0664387372419759,0.0840019999853266,0.0268158598777099,0.0595432782556156,0.0816137921605077,-0.0249479212754611,-0.00777649642670123,0.0300405727665457
463,test,TP,0,0.8416,0.1584,0.0468473838006961,0.0488147340398061,0.0256763721350408,0.0339360661232343,-0.00698663903719989,-0.0254624890049455,0.0276788046735665,-0.00685727660414229,-0.000300495892629265,0.0247350347583701
465,test,TP,0,0.7167,0.2833,0.0279641540669817,-0.0325445490147228,0.0227719388657661,0.0263901439375012,0.0113332715716289,0.016955890828324,0.0254671369298221,0.00986490074437026,-0.0023732836246559,-0.0149690587938052
466,test,TP,0,0.7263,0.2737,0.115130292974549,0.124231338914789,-0.048997885904391,-0.101704329275823,-0.0237064452541658,0.0365061641365553,0.0736113465334539,0.0178676572102603,-0.00191366102571682,-0.0255013171575207
467,test,TP,0,0.9255,0.0745,0.0737849714774415,0.0750499954455925,0.0439146371153138,0.0593199478526666,-0.0207175796964774,0.0349713293927636,0.0531446942123524,0.01906595098521,0.0143878835203087,0.0280531233745737
468,test,TP,0,0.8189,0.1811,0.117932544898838,0.156405236708608,0.0730901928735272,-0.0826737137855784,0.0559921777888908,-0.0589941792607127,-0.0822490357776059,-0.053698486761892,0.0387004824748501,0.0585104106848793
469,test,TP,0,0.7082,0.2918,0.0877234968849129,0.108784043011872,-0.038256048882907,0.0557759014810751,-0.0216079112580237,0.0342291096997808,0.045337620459405,0.00162556197254553,-0.00058158408408876,0.0250617459719909
470,test,TP,0,0.6564,0.3436,-0.0848988244148397,-0.0887254747967482,-0.0687588816957585,0.0808310614127103,0.0365354575473367,0.0618458307595969,0.0738749166617831,-0.0363887551778882,-0.0165739009759083,0.047448948077063
471,test,TP,0,0.7881,0.2119,0.0749911128382399,0.0843007729749038,-0.0361227865153479,0.0728001843767161,-0.0145419701508221,0.027676283457436,0.0620600715589714,0.0143903316987344,-0.0098866732531958,-0.0168767011035138
472,test,TP,0,0.841,0.159,-0.0750916774609051,0.0869500698206143,0.0347471088798025,0.0657903351401751,0.0211444400731254,0.0262356163468707,0.0532124983790009,0.0144578553249171,0.000824239631865942,0.0230712869092983
473,test,TP,0,0.7743,0.2257,0.20711485627297,0.216151601790699,0.118617411565038,0.18456728986661,0.0867931014348391,0.104565573992917,-0.145623412749607,-0.0691465803369015,-0.0409778105239977,0.0920452930882062
475,test,TP,0,0.5923,0.4077,-0.039227553937401,0.0514905656953636,0.0261991757566128,-0.0311404387631584,0.0137060765886569,-0.0201355998862772,0.0269070848998974,0.00419135354555858,-0.00342276611703397,0.0184383214231056
476,test,TP,0,0.6845,0.3154,-0.090582747798638,-0.0905996178578071,0.062086521640143,0.0691189297895468,0.0250044286567149,0.0532800815091901,0.0649871345777992,0.0190537506862117,0.0050780734231682,-0.0315192086762318
477,test,TP,0,0.6021,0.3979,0.0362572623367061,-0.0416470172538276,0.0221971139135973,0.03295561513067,0.0126385714066277,0.0185754446586445,-0.0320221001239471,-0.00184238993701836,-0.00038195027061175,0.016159441690393
478,test,TP,0,0.7986,0.2014,-0.0626071844185031,0.064950658461309,-0.0389502038209857,0.0612746136439524,0.0259686400035482,0.0380121618177905,0.0467609174175214,0.0236548872312561,-0.004623406420934,-0.0303081643964767
480,test,TP,0,0.7913,0.2087,0.0933898609458057,0.0940534660833028,0.0572296684859156,0.0784131264436221,0.0202062457744713,-0.055022858281039,0.0620962451282677,-0.0158012309996622,0.00119180062892763,-0.0549278303726384
482,test,TP,0,0.8803,0.1197,0.126004817553326,0.128255979334353,-0.105875110055733,0.119903143373534,-0.0372176994154084,0.0769122562815202,0.114780179967404,-0.0155676971961314,-0.0069611697439109,0.0411260436937606
483,test,TP,0,0.645,0.355,0.0261708773189232,0.038973094134636,0.0136934231915697,0.0250195807947853,0.00853807211770395,0.0108068707897213,0.0163944426019088,-0.00711398353302823,0.00662404017878962,-0.00923364494859041
484,test,TP,0,0.743,0.257,0.135093747276124,0.152795757650192,0.105785735697579,0.126274122983524,0.0582863116788999,0.0991709155933397,-0.113978417003114,-0.0572373154328503,-0.0232192372038081,-0.0590536350792101
485,test,TP,0,0.6252,0.3748,-0.0460586157124307,0.0506145512734574,0.0204829114918023,-0.0428277423819598,0.0147103875662881,0.0161272201088013,-0.0303104778130106,0.0101751469219388,-0.000579039622233257,0.0156889840949772
486,test,TP,0,0.7082,0.2918,-0.0690731660494929,0.0818451578237589,0.061457705937209,-0.0658267134976909,0.0440067744576667,0.0556818074082296,-0.0638785641536626,-0.0167541928988354,0.016183964848098,0.0499841183002056
487,test,TP,0,0.9051,0.0949,0.0443864907409226,0.0468721989959887,0.0292624104827091,0.0426554050545733,0.0156369063348349,0.0271969024903186,0.0375771353059611,0.0148148001731295,0.00684740791783171,0.0201629632001552
488,test,TP,0,0.7756,0.2244,0.0914725113976846,0.114872005469953,-0.0780109403325757,0.0813934162478716,0.0306541513835562,0.074215046550105,-0.0790171697015327,0.0224262410826167,-0.0158533914805186,0.0631466426188357
489,test,TP,0,0.5108,0.4892,-0.0691037836568728,-0.0696387531674439,0.0412662235234038,-0.0515480727699156,0.0204378734727699,0.0381909808529767,0.0467452972549807,0.0118612328091563,0.0109199619556097,0.0234093067916093
491,test,TP,0,0.7917,0.2083,0.0777057596331474,0.0800784516685208,0.0639338366007636,-0.0770311974606337,-0.0165883674675126,0.0487900038985323,0.0669066169499367,-0.0150493139471149,-0.00195860481182012,0.0456934306533436
492,test,TP,0,0.7645,0.2355,0.159628878718827,0.179644311214569,-0.11800237868951,-0.145041649422644,0.0625820602939038,0.0909265511170002,0.13406126163594,0.0408140615541202,-0.0366865059392655,0.0815223112162386
493,test,TP,0,0.7549,0.2451,0.114998340658198,0.12816498727825,0.0719291380857991,-0.112012576012719,0.0314320693202909,0.0512157723973213,0.0852310251617372,-0.0240490759901452,-0.00352358685114624,0.0319192140804589
494,test,TP,0,0.8193,0.1807,0.0960778551594922,0.0961331408792944,0.0721608921266999,0.0831406688317501,0.0290116176780576,0.0471562297263946,0.0799339709698671,-0.0202246181252737,0.0153230010272321,0.0302888210404486
495,test,TP,0,0.7631,0.2369,0.206145813928802,-0.218858160012649,-0.116194113418688,0.17766935669838,-0.0406163059254636,0.114251374117927,0.158157391456452,-0.0311647581056064,-0.0229439383058272,0.114153359367334
496,test,TP,0,0.7955,0.2045,0.178774506798941,-0.181502133740407,0.116564408888378,0.153303730514656,0.0745890552326168,-0.115837120702889,0.142023956583802,0.0646223206227045,0.050173752846803,0.0778605916678202
497,test,TP,0,0.7568,0.2432,0.0771807691162794,0.088062087580437,0.0495782248361269,0.0677621670401173,0.0293550680236344,0.033644090976662,-0.0575316615461671,0.022100970247716,-0.0192840557241492,0.0336322561328179
499,test,TP,0,0.8241,0.1759,0.0447156281754132,0.0487234031339054,0.0288585890627392,0.0408712341613765,-0.0134239587423127,0.0270496239357729,-0.0324172188727528,-0.00961041985949796,0.00358661300962624,0.0156640361872868
