intvar4,mainvar1,mainvar3,mainvar4,mainvar5,mainvar6,mainvar7,mainvar8,mainvar9,mainvar10,class,pred,pred_type
-0.282487289100998,0.119735377747641,0.977636323671716,0.893689827449088,2.1706276562462,-0.8996484875431,-0.317040978998905,-0.350096424522337,-1.68344249235504,0.254345003410199,1,1,train
-0.985926987911359,1.01865851387028,-0.772005370012473,-0.359976484574937,0.459766673496646,1.44910419997735,-1.27666968310666,0.257301402629415,-2.45469862058671,1.12158010814967,1,1,train
0.124426240743442,1.6815954448528,-1.96683253499011,0.234166059329029,-0.212737860860137,-0.786487222256961,0.489476047441276,-0.763120036348351,-0.911903364510534,1.57123028530965,1,1,train
-0.183827064125866,1.32540025648114,-0.231759516892124,-1.99439309355876,1.76320817541887,-2.05424281416608,0.34137337314863,-1.43507344456495,-0.90921424400808,0.897454213710479,1,1,train
0.384267996281205,-0.463856926165088,1.15358787630098,-0.103932776248659,-0.811756948402835,-1.15501625875425,-1.15943688312347,0.39022121061868,-1.42636985571536,-1.00148867244889,1,0,train
0.337437064394157,-0.154441014719803,-0.717186375558701,0.371346518199082,0.501730110082953,-1.28358279730217,-1.09006864867432,-2.12290011937638,0.38793504321827,1.03159613238136,1,1,train
-1.36359466076033,-1.08291266283096,0.315775109596472,0.509028869738345,-0.785759612240186,-1.46826609852594,-1.44496957082917,-1.49006757264543,-0.714058825461706,0.886319799654023,1,1,train
-1.29080846579411,0.501374370143241,-3.20970999347297,2.69982843637249,0.960609074761192,-0.676057958880293,-0.73544420993399,1.05573085433571,0.283973167645904,1.6482179094822,1,1,train
-0.49704347538617,2.11174078529794,0.274880112029418,-0.154145344289154,0.807760947314614,-0.356899973549409,-2.35143110853814,-0.397188592120582,-2.47089166065916,0.613798476256533,1,1,train
-1.84137578496232,1.19364595288162,-0.582942502760984,0.818341378216174,1.25092650194542,-0.496461000294085,-1.21678115442922,0.481502697816496,-1.07545196270388,0.0785160780083991,1,1,train
-1.47121095593845,2.81201487949679,-1.55393848302998,3.30990644792092,0.877698438365819,-0.178035207361502,-1.41767126439318,-0.471126649495967,-0.289928092914872,-1.48742123893356,1,1,train
0.0320493488910672,0.784990457702689,-0.457883996604429,0.636169531387979,-0.248193008633447,-0.917264593147411,0.521518723637517,-3.08092075124269,-2.14309047404318,2.20459580702255,1,1,train
-0.674879543933933,1.62862318065668,0.377150276659824,1.76049148376001,0.840353551107194,-0.429880515887804,0.996804125811592,-2.19683449255877,-1.34711700379419,1.0624776140032,1,1,train
-0.878575133149807,1.20517657420406,0.600906704376134,0.338158922963541,2.64912375256525,-0.126207357433256,0.0719429125186525,0.00383306654060291,-0.0974273502076962,0.990385590137612,1,1,train
-1.21855044891071,-0.0626957556049733,-2.51580807428337,1.28383146371456,0.969438126330524,-0.863999778494474,-0.0410608831031808,-0.880234363107878,-2.808164613898,1.07021144282407,1,1,train
1.49948059668697,1.00076093618438,0.314032226267419,1.27544005233399,1.86173704349581,-0.722152275276355,0.343703485922302,-0.634615323342311,-1.81406650214846,0.757505701731917,1,1,train
0.558781476693391,0.710940233897854,-0.783046954439164,1.62822358752314,1.515135397102,0.693834890560708,-2.19366141710103,-0.966342015844631,0.841307177523442,0.36093236999763,1,1,train
0.394991067154526,0.959130956912191,0.450338692773588,1.44817351897148,-0.474257277129495,-1.06358203159049,0.432448875949722,-1.40127711898547,-1.33526121010983,0.747966362008097,1,1,train
1.12772273660061,1.03596142261239,-1.10407088920406,-1.50022820749883,1.27440714622311,-0.250182040874413,-1.66376406471494,0.500841841925828,0.565382282541805,1.88411546498442,1,1,train
0.234185211229769,1.50984803066662,0.160546299080805,1.57481453916334,0.850637326356108,0.0470040056866111,0.396502724316492,-4.18306664548843,-1.05876021739264,0.856398429452429,1,1,train
-1.63791227104996,-0.0611201009424771,0.225885833371865,0.360332471214838,0.380307959165366,0.69517952871141,0.527390154187593,-0.497492137276512,-0.491725288125701,1.26029722600161,1,0,train
0.0766390329945428,2.60995150753592,-2.54041916715813,-0.241341567837777,0.0474711977730728,-0.183560139801757,-1.94334118355307,-1.17485033942955,-0.923173829851407,0.930298956003581,1,1,train
-1.43510077362459,-1.18119819173326,-0.979821577597088,0.44439987132739,1.74726721380634,-0.996506147609581,-1.75757755799776,0.11952528933277,-1.47270598993437,-0.282951428216201,1,1,train
-0.391993610479309,-1.43288668811681,0.633363263149687,-0.00490031602265548,-0.254380733025889,-0.971245891594639,0.454012204925245,-0.585849637986709,-0.41259910568921,0.147939051272942,1,0,train
-0.485886346556368,0.924988873712767,0.887313266296321,0.912434205379696,1.55944161855622,0.396153077538403,-0.43720604611802,-0.428676982197949,-1.13131408625176,1.68643594002705,1,1,train
0.0871715520176748,0.0612022825328412,-1.47291907972358,0.703371168527581,1.6608446614414,2.57003270022616,-0.166899598278949,-0.542453527883674,-1.21396952878147,1.97599123476589,1,1,train
-1.00381862324781,0.545222814304776,-0.437161081245193,1.18778214922496,0.419102035221166,0.986768925996355,-1.45392688372341,0.141614853759042,-1.72422609152793,2.15108013656583,1,1,train
-1.3239604993579,0.785067377752789,-0.375416241447695,1.01114780084079,0.176768458887318,-1.35206722704608,0.428654259361777,-1.96506967903541,-0.913422976579929,0.220572280024664,1,1,train
1.13946253490066,-0.136977751361482,-1.21253977588002,0.492544450056825,0.442768724154599,-1.10841300530662,-1.07125419093717,-2.07631012843733,0.447811331755459,-0.0894015196194696,1,1,train
1.05506002441937,1.242658106253,-0.0618914938052707,0.238003707772193,-0.145212684350308,0.828846106808737,-1.02690076868968,1.7216905751125,-0.972423872659059,1.78258860006813,1,0,train
0.0311113081794638,2.01299943028487,0.45152722780723,0.788067438038136,0.578932743506,1.57797891740299,0.14796347279515,-1.86943543382839,-1.35003741429053,-0.473920815310474,1,1,train
0.616239318034806,2.25629062068784,-1.60979670133086,2.00679287128167,0.0308408377643709,-1.38968518095192,-1.17657555642121,0.489220897619765,0.0551670252428705,1.56878797519785,1,1,train
-1.75809546657986,1.03893689507722,-0.845357211637765,0.508409699999332,-0.283705272102385,0.964875562623096,-0.341113095214208,-1.53627014486731,-3.52319747983537,-2.11508741921498,1,1,train
0.20356105376696,0.500083420176031,0.144372376210684,1.8960435518024,0.952319499787756,0.202678737890634,-2.10438758880926,-3.08027068397498,-2.70201981152553,1.13020434342597,1,1,train
-0.614650592152348,0.41965475625331,-0.324020163725296,0.259692993101336,2.08317336929105,-1.0181062345701,-1.12033983934374,-1.26912679866048,-0.557579228011817,2.885115510087,1,1,train
-1.81887176332902,1.6919589895879,-0.431018940160345,2.49264243481714,1.91698941977503,0.241434834661201,-1.79693109636651,-3.01720277470058,-2.3781452560699,0.571761634812025,1,1,train
-0.697287508803955,-0.0395722484333353,-1.41416167882446,-0.927949707677114,-0.336499078322192,-2.17806808664132,-1.45421436481313,-1.68083215991964,-1.73791719596989,1.18851615438569,1,1,train
-1.17860086422531,0.390223384374358,-0.527094181543684,0.135506004977019,1.28731910965017,-0.704465324855324,-1.38047766492559,-0.490840666047092,-0.782725320640327,1.30463804157122,1,1,train
-0.00918279578566672,0.440537200742575,0.618295102911433,2.18719334639308,0.481189707170155,0.608432435522444,-0.632788681548418,-0.418043877677367,-2.13964699673839,0.314562248282784,1,1,train
0.196922013335499,-0.671222873711434,-1.23953110833661,0.066165380405047,0.790619456307774,-1.14311578556885,0.179128217812503,-0.368905291059566,0.709771589959822,0.334410426320694,1,0,train
0.971496428815631,-0.108001542481726,-0.445993671639494,1.2825982095253,0.654159773302529,-0.161189514627477,-1.73351541123736,-1.03823145750552,-2.68429799619314,-0.172495623536424,1,1,train
-1.34010653467512,1.55366851012728,0.685959490942109,-0.115924014210077,1.36762188417026,-1.16891856033166,-1.32585898359219,-1.12073530346001,0.291240707950142,-0.0378920726195187,1,1,train
-1.36535793567492,1.28287640896978,-1.32049563349389,2.03383065326232,1.71103460786434,0.518294464278845,-1.6042915012658,-0.709522922073267,-0.246283972312725,-0.54766679831473,1,1,train
0.718644795584337,0.99048716816328,-1.69851569957045,-0.545315995304006,0.671232802627421,-0.0319863608702956,-0.842560884358257,-0.725078162632876,-1.31018781888715,2.31291360928702,1,1,train
-0.858512106105144,3.41075248828599,-0.416752559662521,0.763344675935754,0.780671248788932,-1.19979059013635,0.902976441720152,-0.258393486165736,0.33812435437355,1.33484875975489,1,1,train
1.39092547842734,0.183552024739552,1.33380526109627,1.07497425447698,1.97462361670949,0.328111495418041,1.58291333044605,-1.40876375391081,-0.572494098676303,0.461392760239316,1,0,train
-0.13154734894808,2.64605321104084,0.478197712428251,0.948797645555022,1.73859123721161,-0.487965704899048,-0.332517027788578,-1.6483532919914,-1.13241897414198,0.63520470920158,1,1,train
-0.991024572823888,0.85881159437392,-1.21345291355058,1.78810909308687,0.11239310561656,0.539754380340802,-1.42318699544436,-1.20916263765613,-1.9210768863287,2.18154625489817,1,1,train
1.14582224860645,0.264671728655024,-0.619755676549521,0.488512364920791,1.20834753657722,0.715137744955637,-0.0568134695927341,0.834955832308958,-0.618792438842266,0.664844300930892,1,1,train
-0.120364813194832,1.78153876020592,-1.07872592939527,0.852124256798986,-0.0717048430087847,-0.298152630114779,-1.39281642709619,-0.14404790201292,2.07051886395835,1.03508601023294,1,0,train
-0.0111005739087373,0.212921180815176,0.900871104840761,-0.374640017146987,1.30330740463376,0.110606213269382,-2.45295527632893,-0.131813759235091,-0.586525568522727,1.38309583227404,1,1,train
-0.488034015770023,0.588829825661315,-0.927821090136121,-1.66923955073742,0.771949281253829,-0.316165581774853,0.297599495871036,-2.02442226943739,0.478386221889185,0.668820198426408,1,0,train
2.10482892118272,-0.744460941190886,0.797260572564282,1.68249394667972,1.07516655199713,-0.536779354706772,-1.16081964559258,-0.715402497140499,-1.64948655061096,1.36957377410837,1,1,train
-0.243740545990137,0.623255251299036,0.667157412753968,-0.56093766291701,0.643280685618731,1.05520333039763,-1.93121571574704,-1.20483291770209,-0.901574433078608,-1.79386352616968,1,0,train
0.752162561641344,0.561946264350019,-1.09161724596754,0.345423968232802,1.58643676898592,0.256799673985949,0.137289744352316,-0.190090391694728,-2.41041176473591,1.70151159778935,1,1,train
-0.980553817107646,-0.406843726654414,0.199860595175538,1.42194166320448,1.53811986806593,0.987146268712216,0.269579169042502,-0.0877708767754972,-0.592890471310918,0.016473906569927,1,1,train
-1.39186299235412,-0.223792462700861,-0.819421780326993,3.10598546490839,2.11712557662326,-0.694707269424388,-0.902674772038826,-1.0090791746444,0.471712866880374,1.61145626514197,1,1,train
0.529269141386756,1.18208201603181,-1.06351670311191,1.27908416845217,1.74768653095727,2.09848376181189,0.757476048277752,-0.474921859980451,-1.01541834889983,1.06906433586979,1,1,train
-0.975594743308434,1.20385272520592,0.246744168250237,0.448159680570588,2.23130750130152,-2.24962348311043,-1.79179648924819,-0.172001828363469,-1.3916352573575,0.821919610837992,1,1,train
-1.63466045579628,-0.301338232498627,0.866852833258029,0.257511622999096,-0.0542411625834826,-0.6413995784837,-0.851288552826296,-0.279885637378625,-1.38266364278294,1.87540776890068,1,0,train
1.29349063745155,0.041840296420003,-2.35250858253672,0.601847413560806,2.13929303884149,-0.380027480209306,0.142626263244682,-0.674845620794816,-0.382042719800119,0.522804180859778,1,1,train
0.325163453220709,2.45041589781642,0.583641921387398,0.66588971096358,0.210684451819532,-0.193770872515879,-1.98063225002904,-1.32014909091427,-0.0711108721950636,-0.0249609305359312,1,1,train
0.981480633555711,0.148244324754919,-0.81660020696092,1.44697965598463,1.78253127309386,-0.567585581969539,-2.79367583704665,-0.205139535820682,-0.705876072099505,1.03541568886223,1,1,train
0.931347482345967,3.07790389044653,-0.251081397123273,1.58398462276943,0.707941380763284,0.709876426985539,-1.27190319386048,-1.45807399907147,-1.29965385434163,-0.171872044274177,1,1,train
0.356567121269248,0.893567229408486,0.804327413314431,1.09990719223977,1.24587643216357,0.921156993746361,-1.03758040171627,-0.162749064746568,0.300156028226084,0.767136552803326,1,0,train
0.676906679950068,1.6840819037372,-2.58350446650097,-0.308569382416704,0.40083025302553,0.239403770083037,-0.978320262424156,1.36188323061857,-0.0883285361810457,-0.172756215940178,1,1,train
1.14046569300845,1.43827806969921,-0.122026799876469,2.68706429499796,0.980781713483451,-0.968884307332095,0.842028655650771,0.834059810954785,-0.211832973942646,-1.06380175058345,1,1,train
-0.458007564305535,1.26333010887071,0.36651990038384,0.983120006290954,2.96533850910911,1.43532418128284,0.271812317043993,1.69831122994713,0.432515159809145,-0.369703688655494,1,0,train
-1.13086426139318,3.12268330846939,0.508241222092011,0.92337261534084,1.60023351177539,-0.877306282439003,-0.621677624082848,-1.46723153413294,-0.754408690674632,-0.604350320780657,1,1,train
-0.507510675505625,0.275332172149603,0.339422010072803,1.04693075073593,-0.325289048426572,-2.30901860898493,-2.50569272011787,0.188565647312425,-1.45844560690457,-0.658336160484906,1,1,train
-0.465873729477761,1.19156488836219,-1.64165529271534,1.5063269562041,2.04662910250613,-1.40617884263617,-0.0643077181846244,-1.88471348715834,-0.277272897547462,0.849892270157046,1,1,train
-1.25479844629022,-0.613724799871614,-1.71349831917169,0.561691745261759,0.894063799325627,1.20704811004981,-1.3196954804806,1.03251330946392,-0.92173170875179,1.05442936243035,1,1,train
-0.60135602825209,-0.742820037743236,-1.47304575355216,0.290683369847951,1.12585134177906,0.0192595208030322,0.740074222902831,-0.563377529163263,-0.736980906503643,1.87608655720768,1,1,train
0.641201468972892,1.94978246423062,-0.483986368237653,1.52978501503356,0.817514496229935,-0.521589824369506,-2.18178221067152,-1.47890454600909,-1.46351894348236,-0.728885847049895,1,1,train
-0.641710262533943,2.25969042309266,-1.18033582862034,2.16776745452868,3.08337529964259,-1.08074925208182,-2.1590097961802,-1.85489726592739,-1.2872394126633,1.47486951301346,1,1,train
-0.250459659472729,-0.212891338225814,-0.494879074690808,-0.0192598463400939,1.72187096954588,-0.816706539741379,0.93459466289096,-1.77352518273804,-0.439384231956221,0.457163233521904,1,1,train
-1.568719153686,0.960837546090508,-0.902392246479234,-0.525299613544244,-0.580725141514634,1.15098045148287,-0.662346455411353,-0.208948729197205,-2.56351699372284,1.78510098178859,1,1,train
1.09405424074311,0.913316196949576,1.10262546011248,0.796141021953712,0.327316225781805,0.164370307640259,-1.53412736134776,-1.74188794093247,-2.98565536091967,0.764979396655241,1,1,train
0.209831059139275,1.40997991279429,-0.585600068681039,1.85310107388764,1.04206655474965,-0.0720083496327925,-1.70191722422551,0.0350364186645107,-2.14884346469931,1.83497202919256,1,1,train
0.628620725988799,2.67943360921494,-1.16484862878553,0.183244027384841,1.06063226529208,0.489123170062195,0.528315905674378,-1.08070072641508,-1.1477703530987,1.31863011669777,1,1,train
0.371447741067512,2.77310386729943,-0.609522820219444,1.76146056144901,1.76556507717475,-0.325473928271458,-0.897364643507168,-0.43382851278357,-1.0979467065007,2.7848175728034,1,1,train
1.99299305034443,2.08035233586525,-0.51478227228858,0.704392735038028,1.80036494654371,-0.439256094474594,-1.74705690531656,0.823103064998736,0.287172307618741,0.803940227271642,1,1,train
0.0269886452164682,1.73661192152097,-0.925883611850382,1.91871915840868,0.803425713375802,-0.645961616215978,-1.78969152049314,0.310336949405938,-0.655598125685724,0.955738186012497,1,1,train
-0.769990965502033,1.41453033352698,-0.537191636854395,0.76981603454329,2.31632592530051,1.57907915963692,-1.70083007016317,-2.46558399686608,-0.594209627566792,0.804085942231866,1,1,train
-0.178189645786792,1.14868899601707,-0.656811390486635,2.51503338935204,0.266573986804811,-1.65370143431014,-0.349255806765354,0.623580013786415,-1.2016795659174,0.804877690483363,1,1,train
1.45782900669153,0.653860356982499,0.501655750806938,-0.233292140278007,1.50009697922902,0.0520374742038203,-0.0424047473249899,-1.12469538554988,-3.14273643852788,0.934141521004017,1,1,train
-0.079468060951463,-0.157727295093899,-1.50526267914465,2.19544492772572,0.98742312034284,0.292539853961326,-1.49153741313493,-0.590306401669308,-1.7506424072747,0.921229485072646,1,1,train
0.201240205770242,2.57070292073153,1.81373445192954,2.18729022792655,-0.00909824829883597,-0.53627509281241,-0.64664659048313,-0.428750459833718,-1.51564703645875,-0.607965458626069,1,1,train
-1.93822009209259,1.26762448417871,-2.50476992468314,-0.237433410639153,-0.00689462538295336,-1.22027795839205,-1.14127296168185,0.655550563537878,-0.457346925894675,-1.24740622318915,1,1,train
-0.95833727574747,-0.0429390709867931,-0.82815206699879,2.5080360903951,0.792859675808197,2.19370298978874,1.36999094831117,0.189603420593818,-1.39138821572008,0.148416726183973,1,1,train
0.803091732138437,-0.431146121900465,0.42348851117371,0.509244151139117,1.04398328449067,-0.540238165273522,-1.75962740298587,0.374293932989029,-0.417276815410012,0.0342822396679313,1,0,train
0.173727053611453,1.06635571137173,-1.46233879383594,1.00463425271896,0.298935376982753,-0.618053070648756,-1.98596362550315,-0.259469942808342,-3.26124200688771,-0.595421273550019,1,1,train
0.528057672225949,0.355886707701636,-0.326396299509548,0.496044238593187,1.48119769756966,0.226640580896424,-0.784892052972731,-1.32220382739188,-0.00644613686709581,-0.128156931826356,1,1,train
-0.625764335225177,0.311944835865511,-2.58922399060811,1.15300933007413,2.71028449904309,0.4230872106055,-2.04983806345126,-1.26602325807954,-0.814639873843874,1.62117318572793,1,1,train
-0.118911917424667,0.338493481238089,-1.28618519416018,0.806115272466953,0.47030281177666,-0.00347252222177361,-1.11893087780821,-1.59917237654278,-1.77038436517795,0.0929235845480706,1,1,train
0.293587282078649,-0.59196388242962,-0.322356069369046,1.30359772035779,0.462205672669353,0.245578223481626,-0.736792036541839,-1.24857931230339,-0.999085524457176,0.575107735116572,1,1,train
-0.267389549069158,-0.645160750744255,-0.944080030258206,1.72054123980187,2.08248525426553,0.932298240489563,-1.87857724308841,0.456120474496445,-2.32851272567862,0.761141930442478,1,1,train
-1.45922619904071,0.2608875779635,-1.04426892647991,0.618189419963227,1.14382873787811,-1.20433101118285,-1.38186622333259,1.38076168501812,-2.33973760998598,0.58530596880838,1,1,train
1.44177170984589,1.4426997324953,-0.00266001764788285,0.999912925532533,0.919239818472692,-0.941808658180886,0.575666324887076,-0.895633993605482,-0.669025355343671,-1.90262184600042,1,0,train
-0.606249294943375,3.46376236578666,0.446702914013551,2.39180336871657,-0.248403686862946,-1.5883851513976,-1.03920740533227,-0.616550760608261,0.55143204184681,-0.0427310921735235,1,1,train
-1.54627334999444,-0.122431046650478,-0.61049769526196,2.20035857181102,1.48524419154644,-0.998228264863768,-1.19998877643798,-0.824486427704531,-1.76759151746869,2.35579473322081,1,1,train
-1.68614601938906,-0.926123676533204,-0.600260836847779,2.64852825173033,0.52979159000205,-0.489409650351241,-1.44569556362202,-1.15334818979023,-1.04699066737823,1.30688772740461,1,1,train
-1.08594954451412,-0.172050198478284,-1.29863434632657,0.637968489435643,1.9907564491352,0.382196616423858,-1.18878114435967,-1.00495836535424,1.13903937306978,-0.150019253516031,1,1,train
3.37723343979721,2.18887906938398,-0.805703299917436,0.571584089912956,2.43977020507824,-0.497528233031433,-0.567962402190814,-0.502507501975848,-2.51488785970998,-0.764141598341517,1,1,train
0.553017724829855,0.289800269206859,0.282716732527583,0.495682752665925,0.00302989793278277,-0.26862797153666,0.217119316578598,-2.2533951651319,-0.034148981575965,-0.236073085658525,1,0,train
0.533552160021084,1.71719529292299,0.0435327423230302,1.9040488066933,1.93087298450683,0.595803980504892,0.344890467268181,-1.8351675075736,-2.29025947914758,0.770590069221163,1,1,train
-0.300177720829903,2.42193958148936,0.0281564322235699,0.0585667645676463,1.62190880709731,-0.231114858819383,0.415675075543541,0.220860277380927,-1.25532447163899,1.60245545009398,1,1,train
1.15772955140224,-0.599282755838819,0.354098656812042,0.928116258650583,1.76512352292428,-0.208818520006295,-0.075750033653923,-0.629897818017562,-1.30697941362129,0.220192153643289,1,1,train
0.343510503259022,1.15267111343071,-1.1556901945633,-0.548343361041442,0.542987430055721,-1.54117083045388,-0.154979548234545,0.701343869644013,-0.0637058097267328,0.752289459466499,1,1,train
0.235509005367708,-1.13391968700848,0.459524941279893,0.952870280764005,0.534350010321095,-1.45195413325673,-1.60733545069433,-1.36907462829792,-0.318784294701996,0.423376596411311,1,1,train
-1.34653841934837,1.29888214545139,-0.278131233592304,-0.655399012267727,0.429573397259549,-0.860863398783886,-0.558735089925979,0.247116636302092,-1.19341547903123,-0.17323610896774,1,1,train
-0.697785302473405,1.3273578908112,-1.17010936585249,1.70307054269105,0.2201652976254,-0.127803478203531,-2.3488262467535,-0.884237752308992,-1.29649445876346,0.0495804178951812,1,1,train
0.33421072871678,-0.0238533423419537,-1.08700723804999,1.29522860380823,1.04155483353798,-0.657914314765134,0.24455433571849,0.0503718583229437,-1.13207270550694,-0.2409916731248,1,1,train
0.234292229306253,1.13561384327587,-0.754466047284522,-0.602426361493855,0.82372302237429,-0.693308679098868,-1.18288272837328,0.292445697709503,-0.135708977681303,2.41085284865519,1,1,train
0.828629549963399,0.772950784597623,1.80561540994516,-0.470461745694018,0.578096074227838,0.452437608472555,-1.52482719113322,-0.533573935847565,-1.20245013102603,0.278182782515766,1,0,train
1.07062786130676,1.797172210125,-0.688475579716154,-0.334871195352444,1.04645583055877,1.8171501794114,-2.66668104979849,-0.285790106214049,-0.881864551180122,1.80976400320553,1,1,train
0.0663368505501916,0.868949082603932,-0.842542511555899,3.15118196467643,0.393184220615009,-0.794021765958735,0.0185916298467132,-1.69965796946744,-0.0326259697520987,-0.217133102133201,1,1,train
1.41916591835416,-0.862675516095981,-0.34341013723803,1.18800157379932,1.7369508222669,0.0390354194516877,0.71373399517589,1.36228912071952,-2.22588779973152,1.00283784278686,1,0,train
1.22020598134476,0.127436703291241,-0.114346716754265,3.30001303276957,2.45809303307233,-1.87836446332934,-1.29643790108297,1.33956526340012,-1.99322438380071,-1.60615740377443,1,1,train
1.52223995257975,0.837274799775902,-0.1388833200763,0.467941495411725,-0.139290442315779,-2.16238794421045,-0.152704469032388,0.126546665246423,-0.293067577205951,0.758605320657117,1,0,train
-0.112125877691485,2.38095178281902,-1.01563849777422,1.38276894959829,-0.355909355568789,-1.29050843065809,-2.53191022693374,0.344779005706212,-1.4317937832598,1.72566543184646,1,1,train
0.356672267772811,2.6971835643808,-2.70983089003559,0.561047392049037,-0.477235811333683,-1.54246630761138,-0.367107681813716,-0.851593992502714,-1.35218705191141,0.820148340699719,1,1,train
1.24332821886806,2.05742494126582,-0.412661133834596,0.571189563699702,0.88341881114468,-0.13816390274792,-2.35232394640251,-0.053520843841722,-0.516906347808331,0.939688787895539,1,1,train
-0.025113495158729,0.0978737157332485,-0.552419273143969,0.416819502615346,2.0345538954355,0.385470947397807,-0.429077931177817,-1.72035487135951,-0.285796954796645,1.30004450375494,1,1,train
-0.124942656038112,0.390989748244711,-0.585048588702664,2.78420478939647,1.01310836773078,-1.2526267127486,0.172143424028875,0.0917355295239734,-1.35707790913866,0.181172119309946,1,1,train
1.50412135432899,1.31174176090063,-1.6415109341143,1.23225332434063,2.1512585703467,-0.54668338476653,-1.17694053103374,-1.03273549416165,-1.23511480748857,-1.23155930099291,1,1,train
0.702379751677052,-0.362708215149635,-0.178127769754299,2.04433149156769,2.06796713110755,-0.026945573290033,-1.71773727986357,1.32167932944665,-0.745365299719549,0.65962494686214,1,1,train
0.943696432083988,1.03577322037305,0.126373932704761,3.60057380482841,-1.61783308891691,-0.774912636855908,-1.68525845079718,-0.0867619875100582,0.372895322626478,1.28542899136705,1,0,train
0.25235108601818,2.46479895759107,-0.381458213653974,-0.942364526836325,3.45194728380361,-2.64095477196509,-1.23423703046428,-1.37420106011719,1.14443975503236,1.0258838894421,1,1,train
2.89698543840477,1.22001467206041,-0.788926529177074,-0.677465525793923,0.702440728238829,-0.0237642383726012,0.185973942000656,-0.693400426459205,-0.175758084332274,0.125198938088141,1,0,train
-1.09864824054829,1.52321440930826,-1.13461221776193,-0.25549215956644,-0.343985665146684,-1.12987204197,0.251844187151371,0.336976504848909,-1.47186148031515,1.283991574075,1,1,train
-1.96189526805104,0.666164060961623,-1.22206101500988,0.000135297416412405,1.37902027798482,0.481042476105256,0.309704186891834,-0.568436249444708,-1.31842891414394,0.020816366716765,1,1,train
-1.25268502474588,-1.10596426399766,0.224435937137132,0.435093912313834,1.18840043124219,-0.410539969757106,0.456504605683725,-0.909051624392429,-1.04876323189026,0.660444975723211,1,1,train
-0.774336407984764,1.17823184974107,-0.527071424434347,0.34874167741197,0.732052078444821,-1.01643736307204,-0.576083383885477,-0.754449243375761,-1.36753474230116,0.522777180166736,1,1,train
-0.919646227820169,0.712666528593488,-0.585599684201232,-0.0378031033455672,2.25280987799282,-0.0318367142999064,0.560262181146011,0.367893993149887,-1.83512554957561,0.651003098752079,1,1,train
-0.713541801793193,0.617099040635782,-0.337310416659375,1.2270273762988,1.4472031325298,-0.889635601647345,-0.91314658924902,-0.365430992223504,-0.551760475713317,0.345382282184097,1,1,train
-0.381289172880728,0.568143059246679,0.359192610497585,1.42976042136767,-0.492810445213333,-0.241107082972626,-1.18472318110806,1.12357476930033,-1.955621608148,-1.47424231386255,1,0,train
0.752245419984975,0.583453570509726,-0.625628309593716,0.822794783864467,0.631682534932246,0.685263416136324,-0.826636324042143,0.952924127392333,0.186017233897436,1.43913605957425,1,1,train
-0.506278693099096,0.461839786967418,-1.3576471431304,1.21747268608244,0.767305308280293,1.52781890923754,-0.9966437126313,-0.25839334321785,-0.000742560239160173,-0.868270615474928,1,1,train
0.482146991344466,1.07623190270197,-1.8721255942265,1.20540280512086,2.33542266879322,-0.269442170677331,0.20609692497611,-1.07795984168751,0.609717454830407,0.499315051481264,1,1,train
-0.339608742824485,-1.60066229753853,-0.426636655542257,1.31610771558813,1.32724996401194,-1.09979168833867,0.231272188582378,-1.39026897158079,-1.17657840041096,2.07199597260964,1,1,train
-0.585755820644868,0.21342046005188,-2.38453851424979,1.34763259323304,0.796360982518281,-0.419235205479576,-1.13919384032442,1.11822790332377,-3.99020123913192,2.67422764679533,1,1,train
-0.990076137806994,0.961085926402635,-0.0992652504579571,-0.0552338781020711,2.05152812044795,1.60837422978456,-2.10566490361457,-1.07558420460464,-1.36452373435075,1.61249850203378,1,1,train
-2.36872659945007,1.6724461878613,-0.165817100803439,2.68998856069441,2.32362367197908,-0.176597319157509,-1.209549378806,-0.771423276348346,-0.0267951791329002,1.38479022589503,1,1,train
-0.0619239007688961,1.78113210177114,-1.30113655807311,0.187775474731969,2.70000911226964,0.523280947797492,-1.42119755388914,0.532106821264019,-2.95195972509709,0.919789729356999,1,1,train
1.30090209089797,-0.758491720885101,-0.0115124100191649,1.61073441822263,-1.24363558592542,-0.347838928149172,-1.62106240109854,-1.60387372676622,-0.476130306338598,-0.237897837047185,1,0,train
0.635883515382492,1.40156971544815,-1.39037541663243,0.922853964195247,2.1060133075339,-0.510248553840045,-2.26256366335042,-0.583487125863844,-1.10305854462649,1.3170079008055,1,1,train
-1.54554732724839,1.71235954735525,-0.46480000647709,2.73303557729383,0.728671343683639,-0.600139445354706,0.0374700857706686,-0.460186662907019,-0.540734271752033,-1.15085816367504,1,1,train
0.788722783073557,-1.1924985334024,0.358557081490592,0.250680652883144,1.85994369912591,0.64218603920193,-0.766596628472714,-0.48454154041638,-1.13467744091428,-0.601597529726099,1,0,train
-1.11544923977111,1.73180767490329,-0.481004441878953,0.358398048230024,0.487071664030118,0.87886854753908,-0.536534912242385,-0.786313307506727,-1.82279134914631,-0.518105316733093,1,1,train
0.0732358084773154,0.878595537341825,-0.0428710918145445,2.40575966657659,1.76906954486271,0.220445976042266,-1.23654313371018,0.56985713439112,-1.1067544515973,2.82564754348036,1,1,train
0.0844111529257983,0.929301564406611,-1.04783914520641,0.347072998677988,0.295598244977168,-0.649542278780091,-0.806816271161662,0.148096067530342,-2.50659419646238,0.603076674126702,1,1,train
-1.67901653525982,0.49231658870764,0.257216769490294,0.311996304747564,0.817484590184496,-0.843936897560278,-2.30465869171752,-1.38497315188293,-0.921129938845382,-1.47039257356347,1,1,train
-0.158659973966522,0.211040202299839,-1.91163417936634,3.46412795587577,-1.16845156628184,0.483554665850915,-0.287317611151604,-0.891614520715603,-1.27377979780049,0.526216412402209,1,1,train
0.790025130507092,-1.54167872498168,-1.67250163202335,-0.17405776839308,1.19007673203612,0.195400721864227,0.493372313525251,-2.36681499042373,-2.02808357215499,-0.0274514175048141,1,0,train
0.361238413941453,0.675783784217945,-0.0665733154113838,-0.574430540713107,0.82714692466424,-0.634370256035749,-0.207604660871314,0.992785673192555,-1.69704602484836,-0.0302855690523586,1,0,train
0.471387038226997,1.98523768755427,-0.919463955853363,2.40037428849069,0.762243768864236,0.227276424932465,-0.135313127230207,-0.252577560326959,-0.563423574019856,0.36658996833275,1,1,train
-0.476160409203338,0.17087731229471,-0.24245050460956,1.44336964519225,-0.588427375350401,0.440750133006498,-0.357690520905884,-0.179946277052919,0.0241724282986939,-1.94187407569297,1,0,train
1.29301086414578,0.85062555834892,-2.0151467109355,0.751185206827388,1.93043652950896,-0.244406256147737,0.366742975607731,-1.8512772879427,-2.01173211841738,0.106792304227836,1,1,train
0.0232272822161282,-0.0913654282524924,0.637644612393377,3.30010500147901,0.811682203432923,0.0162127924993336,-0.315142947409795,0.854373853957901,-1.47589796942808,0.489206481499423,1,1,train
-0.131154868291835,0.755828904699721,1.10865318213648,1.90263842183356,0.843823496118965,1.04935602166204,-2.16405698655874,-0.54505752595599,-1.42841988455855,1.9594380890535,1,1,train
-0.426487274025294,-0.809668210085397,0.392339871162566,-0.730572137355946,1.82487284794514,-1.01504816228656,-0.48863093122439,-0.712901555921704,-0.277273991025862,0.0122776419890659,1,0,train
-0.348317260448561,1.94620469757248,-0.860335739783392,-0.297755233854959,1.28468544557944,-1.16302452924202,0.0589975567955082,0.60386152015967,-1.9376791738382,2.0112555609442,1,1,train
-0.337494427648773,-0.022284597973095,-1.84304724279283,1.00480611827231,-0.922662132289517,0.724906643811949,-0.633333367103498,-1.29553360046068,-0.640845719686493,1.2294564453732,1,1,train
-0.216173691237034,1.72848866224981,-2.30089094836891,0.0080719161506845,1.27932401564832,-0.12485265541777,-0.954663637695069,-0.929075629800966,-0.575054378663089,0.419223442058511,1,1,train
-0.898717190612428,1.28052578173676,-0.634042558311241,0.446383142686098,1.24328222202626,0.091256343084197,-0.0967212964875252,0.226014441389125,-1.72403052830948,-0.401635277403174,1,1,train
1.0588071831841,0.829640524904224,-1.18690300412871,-0.407289974121776,0.97695900245152,0.648473494995221,-0.380678352427746,-1.73367547014083,0.20635413813436,2.02958255909919,1,1,train
-0.294160976447704,0.20821540787805,-2.4179831885971,0.588895104526733,0.636232119559483,-0.181327188138967,-2.4767336361539,-0.678841370187161,-0.0527860763694787,-0.336366235138827,1,1,train
-1.12765134864422,-0.924111322503761,0.401684787150136,-0.279343296774585,2.17167377514351,-2.36789236946038,0.328994490879891,0.174707251460828,-1.47790398895472,0.884715414666424,1,1,train
1.37338928177287,3.4348162387808,-2.41188717151963,2.156236457488,-0.221422533400948,-1.63305065150361,-1.15436336724178,0.592276306020515,-0.533674090867418,-0.435875887164279,1,1,train
0.22992823922223,0.65801185044872,-0.233342883547367,-0.107648335802728,0.681636393880725,-0.37790221101345,0.116540793095611,0.0707842037800718,-1.1376266420516,-0.723792601954326,1,0,train
1.68238897032541,1.09614097822495,-1.49584227057573,-1.10984950169231,1.78763736523438,-1.9138716859656,-0.966897299575851,0.614427509497419,-0.620998245062773,0.167218220880657,1,1,train
-1.83431401622359,1.10209615848268,0.323410992528854,1.11740740010773,1.55261250196987,-0.743782984565106,-0.944489744803621,-1.49556478146469,-1.76919432894176,0.42583680878807,1,1,train
0.574380113308679,2.16670080248154,1.17629623032315,2.38391503155722,2.42086256495982,-1.28150375321777,-0.765502340931328,0.694800935638028,-1.41753393851975,-0.19617599193417,1,1,train
0.553452166745479,0.314701982417569,0.411946808588899,0.813760764121177,-0.139686183767592,-0.275092721507043,-0.45940979599161,-1.15291830442647,-1.06432644100594,1.20828706855763,1,1,train
-0.841441892249113,0.871892337744019,-1.05875014347909,1.8218759876665,0.175890606053249,-0.961857637363506,-1.58117514940142,-2.01590216134741,-0.969284166300905,1.38957275300347,1,1,train
0.539934290032402,1.27204169554196,0.288226713423322,1.45766366627632,0.730279579427289,-1.01645317520685,-0.0793415721799989,-0.609954643170273,-1.98304054345305,1.66290975084893,1,1,train
0.853374000948487,0.324654461656871,-0.280643612529882,0.908603626026959,0.424630430259185,0.540185634251949,0.838998207554726,1.46452003757983,0.187616001430415,-0.974475575608776,1,0,train
0.794419344085699,0.555532745301128,-0.11469304702386,0.848489672669065,1.55453537798455,-3.48639351767779,-0.363736990893157,-0.438230883869497,-1.62445824217611,-0.349589091088086,1,1,train
-0.541130537848136,0.985223538013248,-0.0319707868989879,1.8620028266937,0.198658493108641,-0.135215540312476,-0.206563067830502,-0.355637298356976,0.751074100108233,1.83343513487455,1,1,train
1.05884060020245,-0.268273921042156,-0.738844134672113,0.395180609540285,-0.874475726842777,-2.04145718329335,-0.891469834783724,0.416909060586888,-1.10300417607095,-0.203607354443515,1,0,train
-1.27881218211101,1.59335843629358,0.737048654352152,1.4387586356437,1.47745705928533,0.587896786310196,-1.3581902246715,0.325974755722043,-1.54040106494946,2.13262510906269,1,1,train
-1.24024698353836,0.0690472162705001,-0.12164775526456,-0.700728075916941,3.04384625946039,1.96530637026371,0.0613204250192244,-0.50090966095237,0.0757512828763627,0.138721132157393,1,1,train
0.19638381490285,2.23313756647886,0.434360369029011,0.98837544247003,-0.447828420426889,-1.20778919750136,0.0958851142290581,-1.72323958776618,-1.43360903434954,1.6689709929062,1,1,train
-0.604799056349474,1.98935389606474,0.789763598952963,0.0591607253193701,2.37355494383512,-1.60054982015896,-2.53791998552227,-1.54412094861945,-1.94597754152436,0.483332134574547,1,1,train
-0.316249566000149,-0.684092827451064,-0.983846842941911,1.48348150672655,1.67077279094716,-1.78104014552813,0.286511114456274,-0.210671574360248,-1.17298310929886,1.77545254277539,1,1,train
-2.06061807764622,0.926023176903257,-0.471706702873913,1.47132729135277,0.994913265925225,-0.321524874114325,-0.100839076643557,0.60064832690974,-0.620004647829265,-0.136649449860092,1,1,train
-0.278713288927401,0.528884587917558,0.111544721669094,1.29181375831495,0.71031905098697,-0.894571211635405,0.358645659497491,0.174278524349398,-2.69511099276065,0.826619575896029,1,1,train
0.660770750877521,1.17643931498223,-1.60213620789933,0.900604098266161,0.541285913273094,-1.05787435132907,-0.22811321322524,-1.67668055683746,-0.647905962753985,1.59038896741713,1,1,train
-1.12885820097005,0.409708192553615,-0.596620409098582,1.5100692340881,-0.255911056816014,-0.509687093921017,-0.697502555803755,-0.95314649823846,-2.90703831527766,0.573583584201371,1,1,train
-1.09437431859677,1.98550810348578,-0.850394755515328,0.710202094052727,0.208788829907289,-0.0345713222622805,2.46982534997404,-0.785137156832612,0.0638297491482945,0.121925423937964,1,0,train
-0.964438583003481,0.567850777350869,-0.65072778240674,2.44892326625322,1.87236954783081,-0.0605752988671436,-0.486183030555117,-0.88224291127775,-2.20258171870802,0.504440284236805,1,1,train
-0.603095420083467,0.300864980989095,-2.0440106832597,1.39006693813427,-1.10326965631003,-0.826455504603245,1.11120968873889,-0.912540277362957,-0.63053305671971,0.178717539054632,1,0,train
1.50398735894752,2.3300906025472,-1.64184044632508,0.576734332382257,1.47135983124866,-1.33481183979839,-0.863907452705718,-1.23645149401219,-2.75638874535622,0.843887807552913,1,1,train
-0.42220220240303,1.32114819497406,-0.395675614199232,0.135002548368913,0.793684125524826,-0.138372953986335,-0.736214923075655,0.247439802509723,-0.525693258377881,1.15704312430905,1,1,train
-1.67661169301416,0.142034670449551,0.422125273458564,-0.0824157011659921,0.983380250282093,1.68496565607805,-3.68653417125125,-1.87123538741473,-1.41380364993422,0.94231489980795,1,1,train
0.454683246733306,-0.12302423464628,0.107837636489305,0.48409583265675,2.59082489016754,1.55447759220672,0.275742519504788,-2.50210456869077,-0.398887433655374,1.40835320497737,1,1,train
0.883681864417827,0.321964241122564,-0.497094698155898,0.388327079233429,1.8347538269767,-0.0550770335106018,0.271875565368174,-1.3197856832687,-0.335188997186717,1.46471844208293,1,1,train
0.0698678368748462,2.0370713308597,-1.5307438195177,0.406986962945392,1.46568176215296,-0.593575941528012,-1.09458403444694,0.311198382946828,-1.38270755917439,0.549599780745822,1,1,train
0.658822218173708,-0.659352616126773,-0.130090677844033,-0.293667435588268,1.0899828426521,-2.05509876434999,0.0737239932560411,-0.677267842928031,-2.55841342507305,-0.415881289826826,1,1,train
1.25197413683005,0.362669443863909,-0.978105736668633,-0.869899310398387,-2.01624550784847,0.229413326459281,-0.661256719083238,-0.0245023887747248,0.596704491602553,0.581783779725761,0,0,train
0.474223581055232,0.649345001589753,0.16505135913451,0.0822937887834163,0.654824137275294,-0.0703082470554682,0.90580830706915,0.920610726460507,0.631743898500983,0.154512722917404,0,0,train
0.116570713705332,-1.60113688061906,-3.07492408545707,0.58970095369258,0.360847042893094,1.23602053888,2.47080659422417,0.226856359496919,0.805842213706237,-0.274213366618742,0,0,train
2.46669114982544,1.66661537244396,-0.846385711015096,0.45918060833747,0.00899016402833571,-1.3157123590311,0.078644549408396,-0.465095503151556,-0.209776676229467,-0.568985457406353,0,1,train
1.00157688301204,-0.742079482993689,-0.83472582839347,0.546241706512404,-1.22401086646899,1.00277927217815,-0.0779495263415723,-0.31941415887693,0.323987897666178,0.120751451641604,0,0,train
-1.28942179783297,-0.381875347037451,0.0111263426177552,0.0735794667832262,-0.187975153105833,-1.38195575251962,0.587951413236021,-0.115948735204682,-1.94390776350117,0.0211917160709976,0,0,train
-0.733005208294879,-3.01838935685514,-1.19007356466259,0.907028670139227,-1.07073414762017,-1.35897141721027,0.367203819816434,-0.50313031108364,1.14669341958492,0.172346222084856,0,0,train
0.930222214132338,-0.498666767282963,-0.0836515999709244,-0.414000407736732,2.17389195101764,-0.258201974622184,-0.397346297734388,-0.0716649728299855,0.643287258029879,-2.3419040635089,0,0,train
0.233210829903579,-0.609476957218931,0.898952527099766,1.37583490679666,0.820522542062349,-0.499320025449844,0.0245710141429734,0.553462298561721,-0.419518656711768,-0.153117574991908,0,0,train
0.567952099657562,-1.47228107957041,-0.804501588248837,-0.588545422945585,-1.05515613721705,-2.25435591777344,-0.444704281023019,-0.782226596417725,0.534686588406456,0.127606735936475,0,0,train
1.70858073075583,0.761414945500172,0.27668177063995,0.887037024222517,0.856194904614912,-1.19254729799411,-0.0866223856205405,-1.35818694833362,-0.664576850726559,-0.413448350897553,0,1,train
0.271351054131709,0.666871424236398,1.4860175304603,0.431399778567039,0.442456745902786,-0.237487990958573,-0.891716393878332,-0.780205298177383,0.0433502310237228,-1.33615810719264,0,0,train
0.345784484823028,0.558768075931002,0.948465547378518,0.0297547095687845,0.00811440969586658,0.35426375801293,-0.196584046309608,-0.417127399759668,1.10221367338252,0.26654167126704,0,0,train
0.927483691300542,-0.57616454546988,-0.376769513250259,0.058815979642755,-0.941761225019833,0.123436515759886,1.75666407740685,0.696768837608321,0.414352811603478,-1.38738978460126,0,0,train
0.783064514920246,1.00799754465839,-0.935663603596417,-0.841633423856018,-0.687578598684593,-0.412978421240396,-0.94831188518525,0.0364287278055696,-0.254508589527129,0.159266137799134,0,0,train
1.64686505324224,-0.592098059658326,-0.276507628691778,0.10331566821008,2.9638104085255,-0.00227229787617956,0.982346387963076,-0.967906627756504,-1.17967989790853,-0.341910381801597,0,1,train
1.16764898404395,-0.693062711144808,-1.49501779432221,1.20595432180984,-1.11565915137062,-0.513551014006642,0.0641610744167619,0.794343587462987,-1.7096679955809,2.13357690546232,0,1,train
-0.547295155592857,0.341192819677305,0.239187110640543,0.881239734401553,-0.432306473970134,-0.667205213195928,-1.01917337097959,2.24114330351674,-0.544838182429176,-1.87559639583684,0,0,train
0.829118438755934,1.43866775813781,1.17341179850294,-0.783607584699738,0.00453430728775004,-0.743975257251064,2.15830499494366,0.372095848211935,0.24074840434975,1.0535396609988,0,0,train
-0.939431785086674,0.503370719806659,0.0528613270376301,-2.78969320952405,-0.00793520500303085,-0.0831060193415832,1.25070473681502,0.118554601871362,1.97849623027768,1.78319610905544,0,0,train
1.38802146211693,-1.0349098609775,0.455572019221593,1.10446870034864,-2.12399423526787,-1.74180503614646,1.31875510854691,-0.729688551904101,0.0205639068444243,-0.739023273136864,0,0,train
-0.478635458135883,0.491235930647612,-0.721486050218401,0.722189376014307,-0.90102090900681,-0.612213339569269,0.923079129068942,-0.132925051794998,0.328539024434863,0.182637685273534,0,0,train
-0.459164994554251,0.500867478105275,-2.28512214162962,-0.361167517030518,-0.288583733748814,0.873719574776584,1.60395014602515,-0.52335124401743,1.71438637661406,-0.235517772436918,0,0,train
0.762051909740072,1.00874964213321,1.44440534642326,-0.387660181794064,0.0986145616657834,-0.858549672126992,1.07771873979497,-0.444349869537088,0.568305051180023,0.737065834806239,0,0,train
-1.35534582044978,0.125862706038038,-0.539576927546714,0.310649697787746,-0.411109427086773,-0.295214749183408,0.707187123714004,0.0298432280625441,-1.54132276112521,-0.743802833916202,0,0,train
1.18856066841898,-1.53482174124676,-1.27920047477738,-0.142542675034279,-0.259374281787471,0.0681859909246169,0.803432741677775,0.395704301387461,-1.05958342795443,0.731357726798063,0,0,train
-0.355474240172701,2.23698237219726,1.49593401230637,-0.858153116093428,1.51606695791491,-0.0684555952067575,-0.418570203432527,-0.0803463320768485,1.53018051372436,-0.754187736056082,0,0,train
1.17208270443816,-1.04550375545613,0.00406023107274577,-0.520452504145815,-0.731606886645513,1.89703728235239,-0.410695772683218,-0.451057645006362,-0.852854089371748,-0.0782960373096743,0,0,train
-1.93073961044057,0.266504213519848,-0.363556153050917,1.07347299363249,0.23569933933643,-0.262943092087337,-0.776967885827512,0.848862808586734,0.526029169010823,-1.12703489916022,0,0,train
-1.21198750568547,0.850099473708716,0.278563773059615,-0.176129427705208,-0.151393097235452,0.763344447724701,-1.25009801221242,0.286883074938394,-0.942515273262709,-0.398293805878547,0,0,train
0.561203894504147,0.438768222692486,-0.740816496332491,-1.37213901403228,0.987211202907337,-0.974900034736629,1.06720375396973,-0.697470356706311,-1.33870408718241,-0.441208146551076,0,0,train
0.256870801206556,-0.688223439700001,-0.336148788448972,1.48673401018985,-0.213431780421072,0.7690115799139,0.0626871317218625,0.738548716462383,0.808396681646647,1.05222378172716,0,0,train
-0.0877127556440563,-1.08976706914014,-0.58545367012683,0.433908932307839,-1.24966024872592,0.396375269400775,0.364198889697316,-0.654956689479195,0.265678360866021,0.883356867080846,0,0,train
0.0344626519279756,-0.847229348759343,0.817345012274817,-0.51662636565675,-0.299793402471391,-0.859775266939711,-0.812157829435789,-0.198830389165447,1.54296150955754,-0.636309283074823,0,0,train
-0.15269018111127,1.02832125517798,0.466135241812856,0.794623347834013,0.389624112489658,0.115778070452463,1.25628900343871,1.49641822303269,0.457753998087429,-0.434234203604045,0,0,train
1.06373770242633,-0.27150111017379,-0.947546028904727,1.02641290039349,0.145001117413602,-0.627405053920346,-2.10000169653919,-0.317515694348952,-1.10920692023347,0.470930971487375,0,1,train
0.174280818467867,0.212275864641372,0.257634201677074,-0.0440251256485613,1.10389955174541,-1.19345720195107,-0.497813492800177,0.205156656729566,0.310437484501972,-0.439359527904491,0,0,train
-1.11227361118599,-0.571741193260588,-0.798178662549766,-0.186181311163966,-0.442630793703897,-3.13428307265271,-0.892892054397104,-1.37260614019557,1.08752417152206,0.0836896845346912,0,0,train
-0.805685125455036,-1.95177662918094,0.107708722499511,0.40052857927299,-0.398523434148869,-0.27964631094595,-1.15291420559353,0.856673879126105,-2.33552239922092,0.0723207737645164,0,0,train
0.290481345951677,0.0627358379107524,-2.25450525189239,0.103590123130517,0.213272525788616,-1.95705347772147,-2.11024038369277,0.214834509324601,1.35153596484735,0.415288667549941,0,0,train
-0.0292814760747407,-0.787738629391295,-0.680896948213061,0.869798613625841,1.06451821155357,2.074554982923,0.931390910795506,0.985688453341054,0.667958286262939,-0.290760026240659,0,0,train
0.315301102247192,-0.571774226864386,1.67447391405976,1.1253035851029,0.0562866344983611,-0.266695295039252,0.700138875782242,0.947283990558492,-2.78962804146728,0.771047930184029,0,0,train
0.115334092829163,-1.27034518955721,1.60677596708195,0.652048565558352,1.72500251338998,-0.145710578348372,0.464304821015289,-0.735981581962532,-0.297540832721288,-1.87258756740029,0,0,train
-0.575295545739492,-1.05924167970493,-2.0307342857677,0.110446283646339,-1.05452172075642,0.616286098665577,-0.648390834070226,1.93920686521078,-1.68024707722981,0.835522932765113,0,0,train
-1.49531413920602,-0.182204873850116,-1.41597159235801,1.25292677727578,0.0194277040859413,-1.22228054130902,1.99470102873002,0.449848397225614,-0.959818805058133,0.375331967781582,0,0,train
0.7035950034916,-0.755271127743107,1.50326249879626,-1.48494166083376,-0.434204582386174,1.29882399567287,0.397048381807754,-0.688364935434558,-0.540649680896003,0.95719326523194,0,0,train
-0.816059105350639,0.914881357052199,-0.396095949077385,0.0797054230249243,0.736116308943861,-1.2394066982705,1.46536802217166,-0.615999510922784,-1.34356598120043,-1.3478807062606,0,0,train
-0.0717043660034253,1.27670538609289,1.08109042560854,-1.22546170571003,0.344225647378092,-1.13746894665665,0.45384342455148,1.09274574905395,-0.784782159996039,0.991835769869721,0,0,train
0.605853737943711,-1.09131059718411,0.726934715913525,-0.196178231085716,-0.114463005339257,-0.439470557428484,1.12375209482424,0.373801040967699,0.91930932248289,0.0255703764691357,0,0,train
-0.0370900369697607,1.51376446797563,-0.333277449173165,0.745704645552801,-1.3832875656245,0.13700818861539,-1.08238622281282,0.197149035104428,0.0490084695586237,0.916464921598464,0,0,train
-0.0871597257427133,-1.32544625508014,-1.16532335363825,-1.04101730858941,0.349852544776548,1.39970505300036,-2.12795391302961,0.402466462995133,-0.992429683801687,-1.84677105271688,0,0,train
-0.531274721286877,1.46939783336926,1.19462562019452,1.57187052471278,-1.93076818274663,-0.0821502441267693,-0.934117676462366,-0.589756821359835,0.388290692108225,-0.495198014800228,0,0,train
1.40521902522552,-0.310899450330676,0.519884980342394,-1.04665298840399,-0.429637056883375,-0.083234506170573,-0.674470165119968,-1.43608338966454,-0.465542773372334,-0.515814314427111,0,0,train
0.88258177102118,-0.618497342573437,-0.751543508122985,0.0648843572003946,0.417537923040908,0.621715184351172,0.314538567924066,2.11646033956401,-0.0857697973736584,0.116746529380618,0,0,train
-0.917069318867018,-0.599666909925233,1.20942703800292,-0.39987749356831,0.430581007918692,0.0543775745860335,-1.75369352961626,0.323393293700745,1.145847327311,-0.920566519516912,0,0,train
0.609341782251246,-1.22995603029269,1.3997813723449,-0.587397261742315,-0.547785237328581,-1.06843535073026,0.578198149111516,-1.32214254344346,1.54592767179867,1.72054073942928,0,0,train
-0.461124637795028,-0.539119976229996,0.430336114148525,-1.97776256503242,-1.48562091354442,-0.99454217452068,-0.448938718537964,-0.924769704661223,-1.8266190969871,0.0539256952946851,0,0,train
-1.20396682541209,0.708834324613382,0.890563449501124,0.524357223936333,-0.14525358282656,0.97345420240224,-0.804989418050808,-1.03949645130718,0.0471289379562323,-0.916866815414545,0,0,train
-0.0716613747897908,-0.484212952001773,0.674010097838321,1.09611125275346,-0.879299837912437,-0.925918463517979,-0.632057124392114,-2.11330432051881,0.727822465646012,0.751543822451565,0,0,train
-1.10640654979854,-2.25990428483347,1.87345069295574,-0.244565535113398,-0.949010492567802,-0.0958381094988371,0.0847042065545616,-1.41250124076067,0.917138247379811,1.65097872078262,0,0,train
-1.14961620905763,-0.48487857532383,-0.933996173153087,-0.39134985935842,-2.1029420645274,-0.47387660535973,1.30824707270585,1.17814289050405,-0.373477554345636,0.934486214483966,0,0,train
1.49448155041275,-0.892745371399895,-0.426533176805576,-0.166328986524414,0.774678203740786,-0.0931177103434514,0.327426321202492,-2.14579233463115,0.663656073250911,0.207401217962988,0,0,train
0.0897225017352943,0.106622210288321,-0.65243961072587,1.22651167635035,0.358443872488829,-1.79887446209273,0.74167326925358,-0.555001214516265,0.827812068482435,0.544362945595624,0,0,train
1.44905071969889,0.77465658975965,-1.58016724437168,-1.28251899004008,-1.11954067536888,1.30265086552626,-0.372589262409691,-1.36574467145212,1.82222242354515,-1.53013031761622,0,0,train
-0.631252837599329,1.48513261684894,0.0628019379107889,0.0680891839917399,-1.21819958320303,0.676794169170898,-0.481671898830211,-0.187806239971037,-0.306595234022232,0.96541789035511,0,0,train
0.128352603150725,0.876539178234131,0.203892453620375,-2.22461559190807,0.7097616324818,1.18652791108972,-0.399757211524834,-0.154237808232864,-0.731981480629899,1.4282699171296,0,0,train
0.0428623329830907,-2.03536998111459,-0.275707287669475,2.5545059298816,0.661482510069552,0.0235477599414509,1.02964760672235,-0.363726657001988,0.957052892908202,-0.718967736008915,0,0,train
0.987959987705499,-1.61873335690589,1.9599451547292,1.26522771090351,0.674965009355474,0.241820085652233,0.436073663120962,0.551601181777069,2.73273592916721,-0.981990635175027,0,0,train
-0.169545503175501,-1.54800782778,0.915119181740393,-0.257419666299171,-1.35565931785588,-0.00214963036797606,-0.165688679168859,-0.816102836017872,0.367293714511323,-1.73626531135537,0,0,train
0.793206451337032,-0.499491494940687,-0.335554519630424,0.46332962209255,-0.742361477618305,1.23767024763404,-1.12780631101756,-2.20016897524024,-1.31156756658758,1.37199860646702,0,1,train
1.28538942514246,0.908494638869331,-0.899171531592847,-0.579502671080869,-0.666249400585179,0.327856011019719,0.30480886999527,0.297607929194556,-0.172211742741297,-1.17273733287548,0,0,train
-0.887881661433793,0.212762073785323,1.5427904282659,-2.06331409135314,0.0324239792852689,-0.765770065868851,-0.19880270331503,0.560482164283933,1.3303507133549,1.89479896776961,0,0,train
1.95712524363874,-0.101233788576659,-0.516053419054972,2.27404943463429,0.410464260255769,0.558489717838484,0.445751527463602,-0.598895291196816,-0.991776808263345,0.479434539469077,0,1,train
-0.00797002794156447,-0.38488671714208,0.641979532961216,0.746625141725621,0.246407070828568,0.38885934565651,-0.825669660706954,0.123017298129379,-0.259145333455899,0.395308438264346,0,0,train
1.20933306980108,2.13389583786472,0.0647820219521931,-2.62981976190528,-0.971799991570216,0.0368307947018995,-0.211881802843592,-0.0925252643889268,0.344628462007464,0.820605478152766,0,0,train
0.920684847246796,-0.372865508564405,-0.746941419397817,-0.992882388697651,-0.154696114113809,0.590592739039999,2.27260076287184,0.524404030997473,-0.709865882631949,-1.3026151921666,0,0,train
-0.359958014035983,-0.822823370125176,-2.00818950995371,-1.25962173653768,0.604640110243348,-0.814904214149974,0.222861702478746,-1.72378835526338,0.610177818178658,0.270452600475382,0,0,train
0.0374409915101724,0.343717554531755,0.543857364445598,1.40071235765966,0.991044299053277,0.550093237579737,0.181433880521729,-1.47859344962871,0.575865861419678,0.611785771617921,0,0,train
0.517544244299783,0.377089752132712,0.458520210956807,-1.08566093272817,1.75583566887585,-1.31201302861307,1.69698972981343,0.0792884615267389,-0.138299955135572,0.228342325808232,0,0,train
-1.08026176969663,0.980058597964413,-1.42179044325853,1.72037609448275,1.73100666445867,0.15007476555894,-0.0322483735332306,0.0219166098816788,2.0351442718627,0.185080008322088,0,1,train
-1.33390405399628,0.0900811137734146,0.284800360516267,0.780374025110308,-0.146151515525549,0.178580023500601,-1.03583565448728,1.19122839531094,0.495842538768216,-1.00573268005635,0,0,train
0.662182063612938,0.0896202757530903,-0.810640839595647,0.227638546003808,0.0821814296243808,-1.08010067656764,0.149904477991885,0.0453323871567951,-0.790262007459896,0.256949554779982,0,0,train
1.3231296309321,1.02550967733921,-0.549967498650251,1.00282497746599,-1.31203372620272,0.606106457734361,1.42442448868165,0.196707945056172,0.475019921122546,0.860443669367617,0,0,train
-0.5006047912461,0.697660658087456,1.13300689615733,-0.882102600438618,-1.31542273422791,1.0597193166956,-2.9096473430899,0.122766726327115,1.96179439375364,2.29698730783332,0,0,train
-0.265391035098526,-0.873456982156153,0.250188541512566,1.05413744939177,1.04164965451115,0.173240007852546,-1.40615600865655,1.57833031238548,-2.06145151820287,1.06439165837028,0,1,train
0.343055039595356,0.492654511447999,0.428102307033497,1.18152968773877,-0.154313866057647,-0.673642001890971,0.628080519278108,-1.77012703351957,-1.03908536765304,0.0366642389269831,0,1,train
-0.466280982668115,-0.497792209327717,2.07294552680883,1.09462454755441,1.30010281180168,1.07904961123327,-0.341850645221661,0.942527259128782,1.55886163077269,1.38650431944178,0,0,train
-0.114394809557317,1.75579112630638,-0.162073785729834,0.204602236752293,-1.12619582464767,-1.62782790463015,0.123587495915462,-0.183767701553339,-0.0512179253398001,-0.250648903862128,0,0,train
-0.393031731577727,1.9046838376022,0.781941226779782,1.2998483032881,2.05855085775646,1.352812971272,-0.458174965977745,0.144991511818106,0.106030425409866,2.05913010029223,0,1,train
0.1032433028674,0.459173803538512,0.0587736124800326,-0.65201873787344,-0.671801115674065,0.0359467655121426,-0.682350965240193,-1.06500613395528,-2.74897174512934,-0.4659839619217,0,0,train
-0.61963010840857,0.159135339588588,0.285745074402792,0.16762742760513,0.347984548540196,0.934437778994352,-1.58266383876483,-0.118988577407318,1.69776594650884,-0.100759373648384,0,0,train
-1.27100815709463,0.787778677719843,0.9287349292147,0.427045390610239,-0.505324479123559,0.848901543938091,-0.75026111770557,-0.491760979429479,-0.233011487191133,-0.109075421503409,0,0,train
1.19612509470816,-0.847908629157015,0.775260334393544,0.434502690386125,-0.776855469870832,0.255760125365776,0.6206255653236,-0.960981807865582,-1.27121931592442,0.271239849142646,0,0,train
1.19518654572874,-0.598317042742485,-0.0909328206051252,1.76326160587074,1.05716813242637,0.53049053612653,0.557584046240323,-1.47268217147054,-0.0566512307263685,-1.2598040598935,0,0,train
1.04875630466658,0.00126978742540572,-1.28663167800809,1.46139581609676,0.0385085383324981,2.23282648621575,-1.30084480409367,0.364395248188878,-0.92397458028115,-1.16580075487182,0,0,train
0.522186728069767,-0.545197563575117,1.21969442872815,-0.497973274033627,-1.09683020138673,-1.65821279225427,-0.334993633811462,-1.39985297804259,0.427985287717946,1.01962903274851,0,0,train
0.543671046362847,0.662606952080792,0.455595719540014,-0.900493913224652,0.357921900959133,0.745097394162536,-0.271209333436389,0.341193725676086,-0.985761089254219,-0.693206426595181,0,0,train
2.02485512372183,0.829984996727669,0.221654074887552,0.718589905518742,-1.64938452633216,-0.997862870679552,-0.260951054043401,1.04327698610762,-0.246371904729043,-0.903854291449555,0,0,train
-0.483024631220572,0.116212931352751,-2.05964747954287,-0.938000120963817,-2.06284241253477,-0.688046650752302,-1.0134199014115,-0.404975151544607,0.232990397741717,-0.548854480243805,0,0,train
0.217812586934226,0.0387039179199759,0.785677373115877,-0.322349496115528,-0.931134579206549,0.396859886565884,0.319838901925021,-1.3952827848679,-0.751192215351352,-0.476462898113071,0,0,train
0.43771118632719,0.660208587685853,-1.78085557593081,-0.323976499319591,-3.63450492564644,0.581910515280991,1.48867689911842,-0.501761944471279,0.151381493638806,-1.16015597054889,0,0,train
0.547251496900155,0.608584293547292,0.927947636064296,-0.16023365965237,-0.555053895553065,-1.29267584516243,0.864623008220906,2.13666080809234,-1.12844055291198,-0.280554439840728,0,0,train
0.359068037028845,-1.15020959326248,2.90059538190722,-1.41504895063615,-1.57981951041234,-0.538034796050489,1.18762885470598,2.54125065227922,0.142034595515936,0.336062085682393,0,0,train
0.358502880715416,-1.108188206538,-0.856986916697995,-1.46108629348002,1.2328379841847,-0.0311266974723088,-0.797621702153363,0.602363688865651,-0.106115083815777,1.32277157185838,0,0,train
-1.43448699482681,1.09731690883264,0.475012278816504,0.224431207137428,-0.611693496335796,1.16631125137756,0.765908478971261,-0.705343569712462,-0.291796084910982,-1.00891538430555,0,0,train
0.0360222712986766,-0.0232290834112088,0.333544634013695,-2.33566232393636,0.504583312010115,0.234710535272728,0.657331365510032,-1.10756217048685,0.470176844943644,0.691678124239944,0,0,train
-1.44110763998825,2.22189783581805,-1.04386840428831,1.64562438595077,0.291805349278733,1.03225508219928,0.229372034699027,-1.47751583261189,0.553793778779323,-1.06445517378242,0,1,train
-0.95310328408136,0.367105532571414,0.595608989876578,-1.49138528047674,0.590731613251997,-2.48749437448157,-0.636091503036593,0.341931783475699,-0.225751830256671,0.1342347372429,0,0,train
0.525665284394732,1.47794565946837,0.36965803534964,-0.661456884315923,1.61786396218308,-0.401201563780414,0.584632202294101,2.15184651638595,-0.521950115428048,0.122148394502507,0,0,train
0.365683087448904,0.123640344127473,-0.89109588688357,0.116597165915001,-0.320758338821641,0.159957022988149,-1.47124472937001,0.625569508218485,-1.16719280814811,0.41534927710922,0,0,train
1.50373749606822,-0.305308377192186,-1.32079516898038,0.111375109887916,0.365371059410091,0.306370671643787,-1.06577758989748,-0.536824118337528,1.14685000456951,0.659773759643424,0,0,train
-0.308144729398003,1.66374703175262,-0.0502908226758439,0.0335703085636693,-1.30523493148795,-1.02662488465205,-0.369714124494123,0.795864131567876,0.575730291176766,-1.15290344299403,0,0,train
0.559302581304431,0.84194204209641,2.5724299310536,-0.60025263910366,1.69997323674039,0.602525222456334,1.25604774000019,1.74845886249137,0.131406053516357,1.002345774311,0,0,train
-1.04033411915669,-1.78141016618071,-0.716375881145798,-0.6651201039685,1.37313557095164,-1.59699824659884,-1.43658083887806,-1.65998941761134,0.59549184522839,-1.2257220977914,0,0,train
0.800766090495634,-0.0192956955200863,0.149410800533828,0.0819042078146354,0.57226787651531,1.33449477138609,1.26681610650266,0.917113338916231,0.264914737425106,-0.549249150011722,0,0,train
-0.777781845140603,0.0602492637045517,-1.35134646576961,-0.724646750838306,0.948860621540956,0.655663262819249,-0.308558172575892,-0.477910019399067,0.690236440645963,0.10228154141638,0,0,train
-1.6368449887439,-0.0168442295024199,-0.343858872192627,-0.164223337251221,0.752772114757746,-0.785395346296116,1.43101172341229,-0.149646323819764,-1.43485877847395,1.2125771208807,0,1,train
-0.156070763397046,0.195468770210778,-0.0981290531175878,1.19709103527811,1.12121848851275,0.00201838410766402,-0.849761300196254,-1.53719158476417,-0.727545560747029,0.952914895063391,0,1,train
0.125791023255053,-1.45909768421859,-0.867149980010162,3.00237164135533,-0.0851290724483444,1.09627228205977,0.380282195143692,0.520193942718675,0.72964316534721,-1.36692502900367,0,0,train
0.846688931616818,0.573024840434979,-0.154450107848521,0.210743840105655,-1.69144324006399,-0.772185839402237,-1.62611720198942,-0.218236796348569,0.997363373257814,-0.870682884169019,0,0,train
2.46814571414085,-1.54444912036087,-1.33911147895156,0.765027925672046,1.71781440534286,0.437395307776932,1.4262826049715,-0.145454895170031,-1.1879337151036,1.37704366126911,0,1,train
-0.589948289697277,0.611765545742297,0.539363920621256,-0.95824175637579,-0.0131589985453815,-0.720223607327836,0.706116975177862,2.19046411571888,1.15320891714114,-0.590073421770007,0,0,train
-0.776707220219844,-0.443877896539862,0.655751040127181,-0.583990644290131,0.86061610622063,-0.0848943453504985,0.109750227014895,-0.691624724338536,-1.37279169044931,1.42836895021769,0,1,train
-1.82259615301416,1.1330045489105,1.41956782152202,-0.457572796453402,2.13657851492993,-2.46784489140394,0.177410828435096,-0.545901540104887,-1.57572791856466,1.79696600202946,0,1,train
-1.16520111537656,1.32526655032694,0.00780301340687692,0.606342334206248,-0.18725925030825,-1.2875016676559,-2.7760738817903,-1.32806234098217,0.62140571002695,1.5518070035575,0,1,train
0.951082101288111,-0.445562887124138,0.815906288181844,-0.103459903675723,0.977966523633587,0.33217363507934,-1.53008272182926,1.86242132239503,0.34750362818074,0.375182132038791,0,0,train
-0.606132903619807,0.095814909927174,1.22836214929802,-0.674493678205969,0.440484035769854,-0.609849895146351,0.284918401335229,-0.655495585578608,-0.581312940812502,0.735768276981667,0,0,train
0.324907225566759,0.305073899832356,-0.407015830824178,0.0476044256515496,1.42190114443173,-0.0362245346460865,-0.139947480164098,0.413199407638472,-1.475537508566,-0.666513344587304,0,1,train
0.638446007447403,-1.94473295110498,0.989795352437839,0.354331159119815,0.670021075527121,0.119118859922795,-0.75505533651363,0.140944232478367,-0.557336671188875,-2.29865529858947,0,0,train
-0.454824360213663,-1.87469633439773,0.0504922970235295,-1.32429909679878,0.148582963347201,-0.424068555311526,-1.24880492544802,1.42995104392534,0.411250642775493,0.828524891067149,0,0,train
0.446730023908021,1.5765535444449,0.705829864792258,0.306202952490575,-0.375345974326087,-1.06375163697267,-1.22083058378948,0.664930426750896,-0.0231107719262621,-0.919159478222206,0,0,train
-1.02564688174005,-1.05902903887072,-0.0801717791400915,-0.861916954888433,-0.507367106526075,0.530887979646358,-0.242048232906919,0.943332989177729,-0.935813418971476,-0.225686997443346,0,0,train
0.528507620708316,-0.496571416399408,2.13688934381236,0.983466224460611,0.0456776272947329,0.0633989345230776,-0.181815497705686,-1.25032652596148,1.20328066550148,0.99004573839234,0,0,train
-0.73564805379538,-1.61350739416488,0.505915428416189,-1.57330155594217,-0.867185660284284,0.608077636995373,-0.51756717547806,-2.23403588298649,-1.01871129341766,0.315249153140428,0,0,train
-0.307476491250766,-1.22119269410541,-0.737810241816867,-0.497155476524679,0.0933216853933358,-1.06916682870633,-0.0762811118893162,0.705324389127878,0.58605412830258,-0.820461286433126,0,0,train
1.7741970238129,-0.969624392841167,-1.15094207725161,-0.0748016630313315,-2.03468824019394,0.296244728011954,1.90330625455229,0.440065896949558,0.357132460602869,1.30212978651556,0,0,train
0.147149227318089,1.75712678880423,1.63964633613965,-1.17558896674655,0.890017071676077,-0.0647936314416173,0.41064244203378,-0.458910516566609,0.65316108362086,0.10636681382788,0,0,train
1.01846833754913,0.516855067601894,1.54495140570866,1.37344881380497,2.20517926319514,0.381188358253081,0.50608870274347,0.787814842817998,0.383925484307744,-0.213970878927117,0,0,train
-0.699708457397851,-0.254678751761522,0.0353195605090453,0.23223349383471,-1.84529380756562,-0.960891145367896,0.299143614610775,-0.688419829724404,0.536709765908141,-1.69473120295507,0,0,train
-0.550690858841724,0.692590312735164,1.84563162012123,-0.257906107892159,1.1470162421218,0.165396088120109,1.408815235539,-1.23575833866698,0.206821018310191,-1.51421233482057,0,0,train
1.13990299451274,-0.861892916133242,0.494614703601897,0.296826097057029,1.07124692666811,0.662924808746978,0.759459110943742,-0.569437532433705,-0.0706056811417966,-0.8249615778814,0,0,train
-0.414995836603648,-0.0864646392481992,-0.216441562107739,0.896967982467571,0.206929471930713,-0.650840768637869,0.112085540615435,-0.907392187316238,-1.94728811050929,0.916781917239428,0,1,train
1.13126528801971,-0.767653676004836,0.0539722324273867,0.799228944649296,3.01345235402626,1.06168409258931,-1.0408360801821,1.23381162388037,0.531584429433791,-0.0494784130464821,0,1,train
0.731999145674104,1.74457721075058,0.480433483365157,-0.0166619241515252,-0.444990026347107,0.481655963247498,1.08508916086528,0.607232061804825,0.0601300277268994,-0.305674982113101,0,0,train
-0.461102621799216,-1.05304300012864,0.423708803994694,0.298926338364838,0.357443335790576,-0.218576470403173,-0.179702810918503,0.883625538210112,0.647176591450971,-1.48892617171445,0,0,train
-0.173421272544027,0.494540376041624,1.25536028347835,-0.0248961714855316,-1.28340356362985,1.46418740566245,0.169760905973719,-0.282232871424624,0.444188144508098,1.10330728162307,0,0,train
-0.177378079696955,-0.560634990243827,-0.790592894730038,0.35934540168591,-0.2995431361135,-0.0879393473523774,2.2126261024152,0.615434706933998,0.517270159027095,-0.277229453990131,0,0,train
1.02940728996201,0.0478329957292763,-0.170128941863488,0.221255739920855,0.107663617647761,1.21225136027226,1.16456083558125,1.30800851209158,-1.6839953406909,0.338332772173432,0,0,train
0.8894056378089,0.835523521978751,-0.854679350541901,-0.0954900569014484,1.34476500594272,-1.8859141139739,2.45172253090136,-0.185125276846349,-0.189724498252401,0.309664580536519,0,0,train
0.0250867941827134,0.93727885538726,0.84803348542039,1.54283544450076,0.0587289780291137,0.0122455426572771,-0.6229212073527,0.576911586519749,-1.1959533561136,-0.0409023003482951,0,1,train
-2.12898193816032,-0.989938014660563,1.25860269176748,-0.281462278069517,-0.32053945788309,0.924372989603255,-0.42038134394926,-0.37712749027973,-0.813588038382242,-0.966573528462007,0,0,train
-0.747248799477855,-1.97962746051664,-0.0425383772204325,3.51032826496898,0.393735538649038,1.02054239660422,-0.814361819989366,1.04576507874342,1.38398576054968,0.92004126989533,0,0,train
-1.33729121314508,-1.20294169267513,-0.892716931057685,-1.49757671237561,1.74016052389226,-0.563056963342518,0.83051723199323,-1.31885986058342,0.314905784318175,-1.88768657238893,0,0,train
0.682937407449418,0.710092576718517,-0.42313131948085,-1.20272797122162,1.150642542052,-0.00341122832349855,0.00452288171511945,-1.32447693052468,0.459367522367097,-0.969145433875447,0,0,train
0.660465910133052,-0.558344232934958,-0.768756736226198,-0.391162394490984,-0.232684555175202,-0.433580093318658,1.61062978182381,-0.199195604419247,-0.921599423750559,-0.694075256950184,0,0,train
0.192891551354652,-0.0879821089844127,-0.81668380586019,-0.115243802659788,0.404454998142508,1.38293458007496,0.288975973254526,-0.289608027807083,-2.0928543530328,3.53458232589851,0,1,train
-1.79577170743424,2.20110743968935,-0.244908832969921,0.173507504559322,0.0829382425879055,1.1401185924415,-0.0613529305885136,-1.05851313664578,1.55036266972306,0.771165539552474,0,0,train
-0.486454744511871,-0.932883198738288,0.855874837858866,0.146558680271382,1.11315444370578,0.0884628985662489,-0.236398162389172,0.255716186498811,-1.97251920220435,-0.67597308015537,0,0,train
-0.0302802863671686,-0.104457112137154,-0.933685019038316,2.43624452165358,-0.220738975167106,-0.675606332558999,1.44384610838981,-1.22428339578339,0.832110128368561,0.0129704982245329,0,0,train
0.970749155805626,0.678159616753982,1.05879885641553,0.921061685462434,0.231368895374966,-0.621031906509861,-2.54239233983232,0.558614369570965,-0.245760820584518,-0.201397654473959,0,0,train
-0.525341267257897,1.10620702205364,0.0966533057962802,-0.662033507416539,0.263400728997714,-2.50255186818404,0.283383475825439,0.605283049967772,1.115393154039,-0.92016028256296,0,0,train
0.926232179792,0.147520743950977,0.906503767855063,1.83783694132803,0.523216839241526,0.290829490824223,1.12060905082193,2.01665971602744,0.388899488745633,0.753134889827618,0,0,train
1.45239963173873,-0.27554751608688,-2.32335547989553,0.29926612053902,2.06092531604405,-1.40903572610106,0.71725979439578,0.363748421978437,-0.610717036803609,-0.908171580010593,0,1,train
0.07629161321327,-1.17128132158621,-0.329175605706429,-0.473524465746636,-1.73245542686968,-0.946545792876697,-1.6121397500334,0.843918405751515,0.594181247252015,-0.939931462892575,0,0,train
0.519659655763858,1.17344682565504,-1.367083767871,-2.21442477507683,0.55214528691424,0.631415016820421,0.169425669221832,-2.23493958404429,-0.0291161750323984,-0.40917878067608,0,0,train
-0.879655117083791,0.840448117132376,-0.0100020237706966,0.503722193240019,-1.43948811195827,1.08088378701601,-1.53979229605491,2.45678657499866,-0.513419451286379,-0.591434178812928,0,0,train
-0.564076117226143,-0.777229102910358,-1.07099378793458,0.512610142469053,-0.00698178283037694,0.111681639753928,-1.5914317787433,0.348282221667054,-0.0216100969121983,-1.77206900910192,0,0,train
0.964278941374346,1.15247911051423,0.484601482879941,1.21998374109186,-0.152060122966401,0.94988159125097,-2.41429936298138,-0.23896027508805,-1.75628201361998,-0.675059293011909,0,1,train
0.46807235110402,-1.15928824266151,0.514356625226978,0.625762348908408,0.879398915828257,-1.23251090734793,2.50708483331803,-0.464858267483194,0.375523758677472,1.31344006816166,0,0,train
0.0267610888034047,0.614564763581018,0.824104560669967,0.281058339672132,1.04243428123183,-1.39930045183105,-1.08471018558195,-1.60058078453508,-1.2701433787118,0.318270171165772,0,1,train
-0.510367864948884,-1.41887985137881,-1.44806362693534,-0.0775815883616273,-2.01694977118104,-0.0988556491267327,1.49910134569165,0.0831081372519692,-0.266771871782326,0.526472763432614,0,0,train
1.79776547661677,-0.286259734159979,1.41686670083819,1.96805849651714,0.890648524800702,-0.415661787466308,1.59017538508314,0.136037342954424,-3.25222080098885,1.89783543183476,0,1,train
-2.33558950847488,-0.224168842753674,2.11373847916013,0.229279496964176,-0.349499563063145,-0.658768504896795,-1.2236713372047,-0.323077997923068,-0.630694483504921,1.23705660736993,0,0,train
-1.42248188716255,-0.878096678220663,1.05261085213097,0.881412223261321,1.40067876305134,-0.152183850213619,-0.413514229396825,0.772560758371316,-3.58214004532117,0.145288397490167,0,1,train
1.21053800880431,0.654669515512365,0.586307285945734,-0.339202480479875,-0.568405744445816,0.320332722006694,-2.20180685230092,-0.275486714282761,-0.926472076181002,1.77850190709533,0,1,train
-0.030956824825478,0.100700302161864,0.597502936903728,-1.29531848048871,-0.0928375910530558,0.831088767469319,-1.86392771780505,0.674673008711172,1.52431401873637,-1.48951023916048,0,0,train
-1.38931761102357,0.421644458950463,0.418765325761763,0.395954524276585,0.305636233836809,1.47550499122206,-0.465167036839602,0.470894464224519,-0.0218332733942523,1.82100752198858,0,1,train
0.901108237428042,0.583468817946956,-0.674010774087851,1.86828609938919,-0.34058217516131,0.577209486188547,0.755313457691816,-0.288528649452517,0.129874916473927,-0.104666260403648,0,0,train
0.499455089299365,0.0227919984790192,-0.577548259164966,-0.102897842266534,-0.0394633635652211,0.252192568593022,1.72107840837987,0.0732958230376219,0.306240331817234,-0.536351776026333,0,0,train
1.30766340025636,-1.04319062310724,-0.687606370821983,-0.851047517257435,-0.653800836783163,0.733631732969973,0.537948549876451,-0.148533663327638,0.511548723433655,0.568550854049251,0,0,train
-0.684827088791647,-0.245598896449062,-1.00707372485676,-0.00169548133539566,1.11218372956958,1.10882413027437,0.0340788772903357,-1.13436266065354,0.279823826683628,0.740106194475861,0,1,train
0.417500054960665,1.27315018961894,-0.547150674415722,1.84589027555797,-1.35788425795961,0.0202508886035637,-1.19090157280688,-0.0793076313151087,-0.223598403113303,-1.2581367854449,0,0,train
-0.161150339443978,0.55420476264538,1.55872468318073,-0.594930464760814,0.363166592746677,0.877259090951569,-0.302024630619345,-0.138182972112533,-0.878538353169878,-0.545005312497613,0,0,train
1.2943740436996,1.46769152723545,0.316397664811185,-1.03980406449271,-0.322545346893234,0.720617005398108,-2.46661439597707,-0.368649385428643,0.918193599426558,0.299902121029076,0,0,train
-0.0846811898627065,-0.394278293635533,-1.01671825114507,-0.503633580647632,-1.33129887054223,1.67370393029531,-0.485022359513282,-0.422519570363585,0.0950375581286986,0.0791711254232841,0,0,train
-0.180084070209973,0.500332668092627,1.8591492309201,0.96797590849142,1.19533154470226,-1.40423419619558,0.476990046473939,1.13328201137075,-1.46679403792944,-0.22820133702367,0,0,train
1.51523325382816,-0.325726095170812,0.757533352109473,0.633443760222351,-0.816534384726911,0.249526976900774,1.39428290945519,0.492920190063804,-1.15927976714978,-1.03356802688734,0,0,train
0.0133815885207972,2.06778415304346,-0.584498035271076,-0.726146410768019,1.39321125444283,0.324863052053767,0.451953292845364,1.79478681442271,1.49474446832063,-1.93906659725463,0,0,train
0.151167104055023,0.879821629371688,0.407355850456321,-1.83729213944358,0.889623698493498,0.429703393406555,1.42340505713298,-1.68282079165187,-1.35805470759169,-2.63894404814438,0,0,train
0.946842724792383,0.526509705060645,1.27945273514606,-0.436198227809628,-1.35224381600958,-0.131549041760996,0.0220218186514281,-0.712348546878256,-0.814963770801676,1.32027309894234,0,0,train
0.918154571296677,-1.12427051099487,-0.528245227610026,0.144907161741421,0.417718832695552,0.311350196534522,0.448551419968032,-1.29539987401329,1.69109345795051,-0.0365535038742693,0,0,train
1.82219392156263,-1.63367248435271,0.344343967832947,-0.413909794447548,-0.13468208848846,-0.466587108421179,0.313522000921718,-0.860221291149592,-0.443141455866672,0.030288243714757,0,0,train
0.0933323466143851,0.148465145377127,-0.437918180498007,-0.113026623186,0.861792800482303,-0.330869814251921,0.206293450664807,0.312082278937385,-0.672052647102115,-0.654554582895496,0,0,train
0.37050787114391,0.686972749723363,0.12831550235501,0.691002253201132,1.18063029722718,0.0543599352178011,0.786032699202754,-0.531673331078736,0.0927067023524541,0.43982805204976,0,0,train
0.398178235691893,-0.191345051334869,-0.438227871935512,-0.119459635570426,-1.83833108757182,-1.11196523309395,1.84051455826831,-0.34243893317249,1.34478371654946,-0.0472858078558613,0,0,train
-1.98545162738431,-0.729202133276667,-0.5442074496841,0.736975086051212,-1.12124572759715,0.106344925790738,2.33972471892993,0.489407770457442,-1.12485523332687,0.543522022666941,0,0,train
1.02672678887852,-0.82573659180048,0.483309798830846,-0.954833084745087,-1.32694190230708,0.42242732049059,-0.209919842713439,1.29255447104587,1.04631284083368,0.620290878636899,0,0,train
-0.287776306734766,-0.94786223333598,0.905324182082744,-0.450128583288869,-1.55981989798999,-0.115484300890404,1.10868955566688,-0.133041934107976,-0.098467196079331,0.254741956467504,0,0,train
-0.918149263847208,0.317922119734403,1.16772813572574,-0.927885128796638,-0.593753428217873,-0.292981654024678,-1.60096559758971,-1.19506058329658,0.224529869355338,1.85332616240284,0,0,train
-1.66153626248762,0.144585230569999,0.921979080845896,-0.733342623286949,-0.00185596582181184,0.0436813481978653,0.811772029719488,-0.708683416616454,-0.221197231560886,-0.114953262964089,0,0,train
-0.198955540887586,1.57359934781987,-1.03786737554268,2.34203311086092,2.08648352984722,0.292898701492826,-1.03788001321945,1.58266386870274,-0.910321080863569,0.988010781882832,1,1,TN
-0.486367239283744,1.61496748926104,-0.870269147659777,0.976067730253019,2.08587265981015,0.456758739417255,0.77547903464386,1.41463254519442,-0.0181331427138471,1.0027518283945,1,1,TN
0.686779950235527,1.09473306482774,-1.6732901116541,-0.248960946424311,2.57504788216792,1.38610739036932,-2.32439905149167,0.279751080631648,-0.537603339156234,-1.39816751143025,1,1,TN
-1.01586970717117,1.96429435690025,0.665443432200705,1.05387713658636,2.18276617083607,-0.601831891171797,-0.840342141797959,-0.89883474435023,-1.6826815506288,1.15205411559039,1,1,TN
-0.068705138958944,-0.841171333945724,-0.897144235682743,-0.0971994410904908,0.381908377278109,0.910664766026975,-0.565314243892948,0.69663705110899,0.827643311328947,0.120832491319746,1,0,FP
-0.674943106454447,1.54179680094209,0.469073256629163,-0.408131715150599,1.6699035547069,-0.38332896801265,-2.87139532631257,-0.230171906040301,-1.30735369564558,0.758602054232086,1,1,TN
0.592995342447376,0.531603246279341,1.0731588553711,1.7046325637518,-0.120403960964142,-0.793673110669106,-1.64743603404935,-1.60588033642699,-1.82592334464755,0.859438932684619,1,1,TN
-0.671369098456446,-2.03165506384984,-1.51720393071557,-0.863848774259462,0.78322199614165,-0.189300911680038,1.04592205928002,0.688670158495198,-1.88272143428292,2.47591057443738,1,0,FP
0.143133824749463,0.0399662050806553,-1.82528682683235,0.927686162625628,1.3908505416813,-2.09805495293434,-2.27284124186483,0.804981968631728,-0.190632988133541,0.797893929174751,1,1,TN
0.00693607720667311,0.398483889331688,-1.3544681854448,1.27934305610355,1.02530811819473,-0.170226281822403,-1.70388870577759,-0.649583508749131,-1.97714334473233,0.736275144172907,1,1,TN
0.592053318565295,1.83068512495045,-0.0694327502001492,-1.46708502614243,0.0563098495959864,-2.53669517331174,-1.1737266164935,-0.199458887803788,-0.655660696521692,0.107640867361015,1,0,FP
-0.22402616958893,-0.439706232050574,1.01201274673569,2.0285188298901,2.96897217318873,1.37558896044061,0.343627618433209,-0.250959484797814,-1.74970186055651,0.480536009066653,1,1,TN
-0.632016798415567,1.20345279573397,-1.03527628901015,-0.183820687767228,-0.0904163668012105,-0.1362431307591,-0.896806727042251,-0.47371011052418,-2.04405411510463,1.07163087368251,1,1,TN
-2.12773643226507,0.554831897853224,1.01580893490301,2.05505013577554,2.55190701156701,-1.75243985174394,-1.34413045158191,-0.701710907846259,-1.83795059860835,-0.354495728879749,1,1,TN
-0.512667857757189,1.39450938427719,0.121888429798166,1.60659477975594,0.178602758918735,-1.11741791425372,-1.48239154409182,-2.47768399283717,-0.148466374243087,0.416743246591203,1,1,TN
-1.05351953337911,0.357894675272862,0.765947776226758,0.835445788287136,2.03238345970546,-2.15992076156422,1.15604823751833,0.285711178125661,-2.16825567132267,1.65458883817416,1,1,TN
-0.834236394411668,-0.732166683954693,1.12957205570897,0.353454168892707,1.28602788217446,-0.679271112106883,-0.364515437082691,0.432072899449829,-0.235717411986341,-0.381050094202223,1,0,FP
-0.82714234665358,1.5116025797482,0.395250490544877,2.68073158414631,1.66719891265835,-2.30068118400558,0.234165215326427,-0.469287525477785,-1.12388388389117,-0.892408525503143,1,1,TN
-0.438239352931623,0.680688918727377,-1.46619832384802,1.15691296972898,2.24751880718006,-0.651940481491652,-0.998512107323506,-1.55392830753268,-2.07336060388109,-0.31611925657081,1,1,TN
0.25902200989787,2.44612662808795,0.826584446076072,-0.158664922959683,1.02118303212518,-0.0113284118097889,-1.97909564936694,-0.840919469692902,0.0067512583698355,0.460876444575442,1,1,TN
-1.10326537493215,1.03562858417792,0.293430582813291,0.404663258622992,0.366950796684591,-1.02937336478018,-0.639417542830881,-1.68659675790764,-1.36042281238542,1.02471725160997,1,1,TN
0.242083161490435,1.13960243786108,0.0900438158979519,0.286078603514262,1.67505576634052,-0.72694589640744,-0.818261840095402,-0.728871293744356,-1.51649928611497,1.90837418723459,1,1,TN
-0.209372129061697,-0.180105989749339,0.0048667497253482,1.5026873893074,0.772831841796615,-0.0563069158303288,-0.0304779983004718,-0.118875221299655,-2.8148147428611,-0.355845210808385,1,1,TN
-1.25525618470022,0.930455431606616,1.59185617453718,0.123880884235325,0.523269096471861,-0.362045590505855,-0.739596459011992,-1.57143837447544,-1.31100764662667,0.365236220728735,1,1,TN
-2.86547003552428,0.240452531993478,0.196609338716371,1.34221512777592,1.84804102276093,-1.33450816259522,-1.06295428576081,-0.989925916784137,-0.549449057884509,0.917949273875023,1,1,TN
0.787524920303581,-0.788813466590466,-0.32741191729397,1.49949542153328,-0.00436261850984596,0.481218671725701,-1.80297093353182,-2.09150119417985,-1.35046169162966,0.833151643573196,1,1,TN
-0.0649342781158943,0.645684589752535,-0.557635377506574,1.88202535094299,2.14839155515692,-0.0699252882617733,-0.687827751983794,-0.272015849666838,0.813184679515263,1.8956674156899,1,1,TN
-0.555206022150004,0.112734264694333,-1.99646427577161,1.71725482365466,1.54733485090117,-0.00356004124644852,-1.20078077638626,0.691175208822478,0.00102476788011454,2.80314724416745,1,1,TN
1.54266774411284,-0.576884967560812,-1.94286040227478,0.968128962639987,0.392235588914646,0.672872107604377,0.380020487411768,-3.49077493280212,-1.93146014741482,1.34059943449335,1,1,TN
0.486966294901634,0.670533223579307,-0.20599361675121,2.68150673909301,1.88478468648133,0.380275985527573,0.171916920737444,0.334993036700323,1.49208880612641,2.02629604631125,1,1,TN
-0.953445919656274,1.72869526312448,0.310801158444031,1.33912323360715,-0.266626878946713,-1.41187352422416,-1.43493595161585,-2.5927839529331,-0.667503123948298,1.10637053335105,1,1,TN
-0.797496700011222,-0.0234069160338329,0.177760672923558,-1.17590176547272,-0.459301376293278,-0.131843342781919,-0.921602272760233,-1.96081928264813,-0.902775399896811,1.47881008701704,1,0,FP
1.24877626558995,0.108339833615089,-0.35428036783123,1.44350248638691,0.945272030851034,0.139032207740858,-0.969213582341024,0.651893363974261,-1.92980847689316,0.576401009264808,1,1,TN
0.428212114691,0.260184345038703,-1.84685676260817,0.728103637495779,1.32355182722057,1.56447276660772,1.08450882019129,0.0181608533035641,-0.632223920965438,0.759214974176051,1,1,TN
0.329080679435206,1.43183433479165,-0.381796089219941,-0.168583728588469,0.633821094299174,-2.00127686756648,-2.15048347338471,-0.633152365210168,-1.70861158741458,1.66672241989586,1,1,TN
-0.0634034435507193,0.992620061563461,-2.03829923711559,1.18470441112534,3.15558107054361,-1.35528365816885,-1.65140111279898,-1.07479081390433,-1.8013532043851,0.639473665123955,1,1,TN
-0.499488342773979,-0.292235671706419,0.418394272008895,1.86014772606072,0.321207572544129,0.121198271109479,-0.358413304134955,-1.42946851106014,-0.173252992565896,2.99239369109624,1,1,TN
-0.744587919307643,-2.00290422356417,0.609614923711675,-0.52329459506489,0.98350228260777,0.552620478236919,0.57012282620765,0.134960143883011,-1.64872782401211,1.04163068981368,1,0,FP
1.14792899264129,1.76212528553831,-0.102540654360748,0.866980814161855,2.49733598992066,-2.88739757733188,0.0549418285008329,-0.607574532935618,-2.95725776545787,0.543154900433774,1,1,TN
-0.430507040327254,0.545399616351735,1.19860335622792,0.934182933942009,0.969308578608551,-0.394662266513806,0.0202828415301415,1.24662896886979,-0.313584245979731,-0.505150095580027,1,0,FP
-0.467817629109685,0.464298911605571,-0.406769179088058,0.700677270987633,0.390957527435606,0.0505881055397896,0.980469147091879,0.0672771482863606,-0.865189894888201,-0.270763863276615,1,0,FP
-1.88545872663669,1.26586230614193,-1.50166496742564,2.53479826643277,0.7597282581226,-2.5444931114148,-0.985383000681265,-0.804082981107105,0.61410339102865,0.446303668972597,1,1,TN
0.83901903644214,-0.120610093373308,-0.815957679865097,0.757050370442625,1.87360329522347,-0.836330531322619,-1.19425853516115,-1.15912776412824,-1.98727328809142,1.16352067789481,1,1,TN
0.460039901713858,0.385148848757103,-1.42830808792541,0.256180945347863,0.458809168564263,-1.01269630185323,0.696284394851419,0.482888535700321,0.7028269783902,0.462436088840869,1,0,FP
-1.0667577040912,-0.0968112938348417,0.354512465171851,-1.17424519602353,0.880374454629184,-0.0284173269895519,-0.121969093887539,-2.26257871403822,0.450455771347812,-0.436638040773787,1,0,FP
0.4249682970129,1.83158822947875,-2.58719446216729,0.579610719807998,0.133587560935275,-0.920453172695321,-0.110565260681958,0.0709431489056704,-2.11862301198861,-1.48108567343191,1,1,TN
1.37609832273645,1.08034860757591,-1.32273395112433,0.306568274227719,0.0911569784130718,-0.703352379591029,-0.627279699179794,0.817725589779738,0.00131096045392944,1.03473790913141,1,1,TN
-1.3313105268801,-2.02325518923325,0.0847305981944881,0.82404594136568,-0.421635837984544,0.444513511349289,0.626913741913695,0.286200574581761,-1.67949959203532,0.676291870452773,1,0,FP
-0.344869076619234,0.68537237593225,-1.01593554886544,0.837397318659383,1.30861530121023,-0.55343332877265,-2.27298140617512,-0.528320033531343,-0.35423534109177,-0.231424091769902,1,1,TN
-0.293965487226545,2.53166643724508,-1.00160327748815,-2.17554848085111,0.969929056805019,-1.10552072651933,-2.33196856760991,1.24156888774465,-0.223550822358805,0.824399693362819,1,1,TN
-1.49166075848944,1.74288040641727,2.12472000903982,0.398822724798847,-0.702990447278984,-1.41406723996628,0.822548595757585,0.212259612062474,-0.415925559867819,0.179612801664258,0,0,TP
0.146183496019977,0.586894781022687,0.543511814932403,0.068732351088743,1.36797628283136,-0.99695266067929,-1.91433292632807,-0.533765370195352,-1.12146131124889,-0.308251330238666,0,1,FN
-0.510524240534819,1.21229430487406,1.28776496583641,-0.172446108516049,-1.40940204307392,-0.0714437333477648,-0.430986101362932,-1.32961489742742,2.43022953798643,-0.41871225525102,0,0,TP
-1.53396442861664,-1.31224247414582,1.94278304245698,-0.375266628628932,0.0589313639368761,0.716588974622297,0.923577980701221,-1.91264889530062,-0.467361230825181,0.170756844107718,0,0,TP
-1.65191447970402,-0.443755491054098,1.29786220772051,-2.5929473024034,-1.47830264726822,-1.39853619446405,-1.62243263107741,0.0352374194326899,-0.256471051235055,-0.587513884596915,0,0,TP
-1.69638529202947,1.14538148358502,0.312596649126457,-1.9975894414451,-0.000787349079655964,-1.43492992704969,1.91828333698434,0.788012340630967,0.660273355364179,-0.0816545131670283,0,0,TP
0.295453356593457,0.0728415228088501,-1.08689894178154,-0.0318441763603142,-0.994879416129317,0.360941230032811,-0.322790807380966,1.74913946562168,0.481935958013,-1.36028024444699,0,0,TP
-0.382200072315494,0.00859529668222397,0.0729554332079349,1.22027205906087,0.658715963682288,-0.991263031178496,-0.763445355231367,1.02964528954967,0.652815943970919,0.300467274196359,0,0,TP
-1.19460276922373,0.913922896683267,-0.53494025842606,-0.0376323536908658,-0.374236360033837,0.0238870020969654,-0.385092918919252,1.4794362650893,-0.290061733804092,-1.11071100135909,0,0,TP
-0.431734497815248,-2.19450126394863,-0.153467475028476,-0.743197864761517,2.13484009600907,-1.83939506962824,-0.718028715949347,-1.31929023207469,0.209522283572407,0.378432719225432,0,0,TP
1.09848229630923,-0.562511830001351,-0.21003100056459,0.27703758997606,-0.131204624532061,-1.94269442016719,-0.721171598483034,0.497976992463619,0.98021805975848,-0.126283243931035,0,0,TP
2.21300298809515,-0.0649898411195359,-0.719187731262796,1.79341838774104,1.9639145275067,-0.572449030337518,0.441138670545204,0.91858771666891,-0.864861301610978,0.961948748197703,0,1,FN
-0.746968485430279,-0.22281047364024,0.564673740873232,0.763412418369948,-0.967932904937018,-0.495107205868351,0.918924711063102,0.72557603484999,0.321855088562603,0.440633380154481,0,0,TP
-0.180337961964025,1.05205669862085,-1.71977157548148,0.661312826930382,-1.29978533530381,1.58299512031946,-0.299302647316634,0.310131234855105,-0.879214010601913,1.92358390332872,0,1,FN
0.38152082449897,-0.972234818161312,0.492647869570745,1.33064620150929,0.690481337277735,-0.613618208792326,0.623467071613944,-0.0128049391547485,-0.0674451897743975,-1.4245235954121,0,0,TP
0.668052172380305,-0.245433874288721,-0.050642089756261,0.672994012702737,-1.10853006500377,-1.26453877345208,-0.260611092261845,-0.487872903042707,1.48534766504429,1.82036383837927,0,0,TP
1.96810639054385,-0.226346813273264,0.407743411097985,0.581843110042912,-1.42781688393515,0.118230277601654,1.92487389476712,-0.0978764963683795,0.889085122073547,-1.56545994667032,0,0,TP
0.263065452192382,0.602423813578989,-0.432026958298161,0.22740708709411,0.737199371860571,0.846487785208364,2.11485252905401,0.244663435501996,1.72353395019583,0.669661372662606,0,0,TP
1.39865952630922,-0.0289547256792775,0.111801805179373,-0.388622501062964,0.444686614708998,-1.28183242311169,-0.269288470986038,0.561425177282033,0.574508869145349,0.564183002745415,0,0,TP
-1.13962859403949,1.44216294532201,-0.502158368108011,1.78281951406063,1.3597138271437,0.267763635445171,1.060007189856,1.21105007193168,1.51877569337585,-1.10572444329302,0,0,TP
-1.97797585362015,0.668638205838309,-0.0460042721704077,-0.368193178958069,0.509659864412346,-0.0483137301014807,0.804874620702036,-0.448715840777459,1.566635900393,-0.39019731315911,0,0,TP
0.93341987684997,-1.29499075107578,1.58199923666349,1.15731636883326,0.445156539138159,0.477754438702615,-0.100520082324165,-0.0918606749412968,0.791900309031593,0.240887370322522,0,0,TP
-1.1384135419469,0.610953988729509,-1.5998264351609,-1.20705558890681,-0.908434119560499,0.1787956852601,0.29541062137138,1.33058186152461,0.344491418594239,0.115134210578716,0,0,TP
0.0948670183305213,-0.478758228206996,-0.275520164281014,-0.0813127453284757,0.199641581697976,1.01208637090312,-2.0764723112165,-2.18890373592473,-0.48138110688434,0.752153629004105,0,1,FN
0.363769207483942,0.383461610515337,-0.467383736630479,0.0816313312149596,0.136287766527223,0.0829721084841281,-1.81046937770796,-0.244000000273159,0.507351046356505,0.766661751914876,0,0,TP
0.989282714103235,-1.37844423767496,-0.447581986425012,-0.0387293779004298,1.57031231085498,-0.177381052221616,1.20657458528858,-0.265755659340517,-1.66316948601192,-1.46802192894055,0,0,TP
0.693289475555502,-0.0693504295066512,-0.171111603620082,-1.07646889392231,-0.1352670099296,0.505169755410679,-0.293698087805748,1.07129588689021,-1.3380961639821,2.72996864354517,0,0,TP
-0.496404975908981,-0.374322741182102,-0.711692628350274,0.213736834704825,1.09737449004592,0.72426104102189,-0.57934300895543,1.65785837846234,1.58691896665525,-0.856324710655626,0,0,TP
-1.72802847529721,-0.0535956473614091,0.443918073204054,-0.379407970693533,-0.384671421411158,1.00454056666323,-1.54913004548315,1.11605569236305,-3.52848379372011,1.96133398604404,0,1,FN
1.57822323882335,-0.363049073984812,-0.145078157613222,0.806941344793344,-0.537725580168916,-0.959592239798886,0.513844362664983,-1.07721999403125,0.75442545743527,-1.16371979753712,0,0,TP
-0.631039142899727,-0.445516123360847,0.448436101210147,1.28715841256026,2.9395348696861,1.26120845894149,-0.172050506290989,-0.16919842490797,-1.16422296676499,0.32445143561203,0,1,FN
0.760883458150059,1.73991319276453,-0.255581081610224,-1.90524273008395,-2.59406527166587,-0.60719496974638,0.423268892241298,-0.551011309583214,1.78575031834374,-0.528217688799564,0,0,TP
-0.998328727514483,0.0624763296354955,-0.0265662589933393,-0.360944304384802,0.143026889940393,-0.822865700036326,0.35477666643749,-0.203158702901369,-0.375714147889481,0.251270236767606,0,0,TP
-0.866863308581141,1.83392707848015,-0.465155702728811,-0.482149708455258,-0.266162417515484,0.628945735861571,1.69192706873919,-0.690540199177566,0.611428286852428,-0.0892212721727322,0,0,TP
2.03764532182551,0.0955812958864426,-0.804750122132778,1.24397396201429,-1.20003796411633,-0.500361615241105,0.149933279543256,-0.0541899317370124,-0.355388984530259,1.28345190456676,0,0,TP
-1.34789071329196,-1.10884859083577,1.53006503954705,1.04554164030385,-0.53930534830996,1.90656621374212,-1.4536270442681,0.921437623935281,-0.115033744525454,1.41039886028121,0,0,TP
0.951139928343198,0.228064524973776,1.04289458262959,-0.610754830973566,-1.74936518100721,0.320417973138121,0.380296013153092,-0.0235995446428377,0.128791894074885,-2.08220348324674,0,0,TP
-0.75753551876766,-0.512186452072605,-1.05927387089091,-0.0766510978804557,0.869747273351082,1.24259105169238,-0.0773380642655393,1.71152083928441,1.03979026550511,-0.275974623301284,0,0,TP
2.34374536801919,1.74578827050546,0.745610201246128,-0.0377742831478419,1.70829553572351,0.0579865386022578,2.05383460124684,-0.0341668607446858,-1.74192108979493,0.281951727866328,0,0,TP
-1.54361255499999,0.623108593152916,-1.28156198301329,0.373331886897984,0.0168446423399539,0.322757707454651,-0.790204835056372,0.364808171081824,-1.4115396464844,0.568629147140241,0,1,FN
-2.55374259844561,-0.911821934392664,0.671284693058615,-0.863591610758739,0.148185164594442,-0.974123404049078,1.33538523002547,-0.337839334854394,-1.03015207395635,-0.996117067758455,0,0,TP
-1.0752933537988,1.68209137442925,0.410139178949003,-0.551669758019968,-1.90334904329257,0.951768105968566,-0.0437906579209327,0.187946409354201,-0.841954876414864,-0.112843015916094,0,0,TP
-0.367312486060612,0.455498303016106,0.99290841639752,-0.938526068292032,-0.109822548309021,1.64759951765451,-1.51508614889617,-0.124711824187403,-0.251449799606308,0.168763139012508,0,0,TP
0.645820939694338,-1.04677621156734,0.110842773306741,-0.664570453584179,-0.563019222788822,-2.88535766395181,-0.112512555787889,0.375089435062194,0.618030450249799,-0.381750381891708,0,0,TP
-2.48687720768581,-1.30237962229322,0.505896771654636,-0.569900823135898,-1.42884270233726,-0.850569854731963,-0.350672234601651,2.12466326353756,-1.93275852892375,0.744030638214522,0,0,TP
0.961087055405173,-0.433235244226162,-1.0221521207364,-0.975209216852394,-0.779544367071911,0.717363759196442,0.232186834178468,0.149747476478779,-1.44204687443748,-0.313744856823135,0,0,TP
0.302274570080948,-1.21016330049114,-2.36960024675656,-0.57426945758033,0.264309602409947,-1.90938870607184,0.126221050033303,0.0512316750273874,1.19995734369009,0.0298812655791463,0,0,TP
0.587616697434234,0.205627653909368,-1.41084006923432,1.98898366566379,1.21349226477364,-0.00692714412301307,-1.07068155082687,0.172579912768165,0.0273084262631801,-0.646238772801965,0,1,FN
0.827907054658849,0.546190306884156,0.825092419086227,-0.942726759477037,0.838898574730739,-1.09956788072583,-0.201383601203295,0.729957551035788,1.16682748665895,-0.314450559696194,0,0,TP
-0.145695655848272,1.8551995495115,0.29812356767734,-0.0139910076743913,-0.0626694264001127,-2.39263480846125,0.582607900198463,-0.992893609097227,-1.67071202835427,-1.61748316217144,0,1,FN
