intvar3,var35,var64,intvar8,mainvar1,mainvar2,mainvar4,mainvar8,mainvar9,prob_0,prob_1,class,id,total_local_score,pred,pred_type
-0.00783108074379124,-0.0208576921922274,0.00774541250242062,-0.00537427633816,-0.0265200983211313,0.0189312929360602,-0.051001017995873,-0.00861998461839587,-0.0572898609544216,0.70624568668047,0.293754313319531,1,1,-0.150817305725519,0,FP
-0.00487638896306916,0.11371440940559,0.00486740557710687,0.0115119514400342,0.00574989982852645,0.013878980943219,-0.00657627160623968,0.0351128244756887,-0.0177770467304461,0.365209146278278,0.634790853721723,1,2,0.15560576437041,1,TN
0.000439665159115375,0.0827454644621853,0.0124944602445815,0.000423687633914907,0.0215729512992219,0.010322724932535,0.00354708542313467,0.0153560295055273,0.00580639178087825,0.334596689380724,0.665403310619275,1,3,0.152708460441094,1,TN
0.00739410736878161,0.0853786090921064,0.00941351331939265,0.00908325543442048,0.0077142619232419,0.0129737355236554,-0.00856752975331547,0.0122674083714906,-0.00827220707148791,0.355969867271237,0.644030132728763,1,4,0.127385154208286,1,TN
0.024004632770188,0.00317266651310049,-0.00543051250731391,-0.0115731796177608,-0.0591977944175834,0.00443065573093333,0.0100026890058595,-0.0161103448172198,-0.0461538278637748,0.63190094219506,0.36809905780494,1,5,-0.0968550152035715,0,FP
-0.0109364935877014,0.0918335931623491,0.0163143828425463,0.00192493247409157,-0.0142141637546356,-0.00108588364421373,-0.00912411919441789,-0.0074138420535493,-0.0457498207612093,0.458756404002883,0.541243595997117,1,6,0.0215485854832597,0,FP
-0.0161387424825455,-0.00545995176564657,-0.00798231445979065,0.00581906566619608,-0.0153322860784197,-0.0173483449634981,-0.0250580483691793,0.0127452477022336,-0.0657149714536105,0.716755457803845,0.283244542196155,1,7,-0.134470346204261,0,FP
-0.0108680783046919,-0.049379241293579,-0.0105989044823623,0.000796969675366321,-0.0662563649997189,-0.0148339971306551,-0.0448261644521904,-0.00616272123341225,-0.0938066929238791,0.883007789428335,0.116992210571665,1,8,-0.295935195145123,0,FP
-0.0170307193518362,-0.029990674565694,0.0328068883756135,0.000290162330895015,-0.0596543459614179,-0.00630314612575976,-0.0533984604345871,-0.0123894843141266,-0.0993257867215757,0.826493977037455,0.173506022962545,1,9,-0.244995566768489,0,FP
-0.0234931185856191,-0.0324716402540661,-0.00427498993230595,0.00253612973842736,-0.0428994999292034,0.0115237876411507,-0.00586052113434905,-0.0251557545796556,-0.0803843164980562,0.72775259184054,0.272247408159461,1,10,-0.200479923533677,0,FP
-0.0139300692599048,0.026122681268467,-0.00366974447474123,0.00602507751655912,-0.0271877924779646,-0.060842965155055,-0.0166555362168896,-0.0279715166528197,-0.0742546817723722,0.825393338662778,0.174606661337223,1,11,-0.192364547224721,0,FP
-0.0125286177006615,-0.00229815258230626,-0.00596004607609802,-0.00322164471112902,-0.0619725449667776,-0.0184071820102697,-0.047974098077768,-0.00693289882331873,-0.103230564788526,0.879530423280424,0.120469576719577,1,12,-0.262525749736855,0,FP
-0.0143582840893474,-0.0293047926315307,-0.0172444078449409,-0.00329388281105218,-0.0481447617350583,-0.022577565147715,-0.0516709597401556,0.0026620191895246,-0.097596187544378,0.828993547510061,0.171006452489939,1,13,-0.281528822354654,0,FP
-0.0107229373790992,0.0413183230108236,-0.0200855745665269,0.00360152697220608,-0.0105068980151442,0.00366905869064798,-0.00343714506797515,-0.00910454786371237,-0.057799331810946,0.560063699750698,0.439936300249302,1,14,-0.0630675260297262,0,FP
-0.0169014620727997,-0.0278804595904937,-0.0122728889451097,0.00551281058758061,-0.0438173591550945,-0.0135272267282181,-0.0292730760084873,-0.0153081336023084,-0.066931681860868,0.86973552273073,0.13026447726927,1,15,-0.220399477375799,0,FP
0.00267157849860177,0.083204686972279,-0.0129183198962934,-0.00552551420955588,-0.00827434302231759,0.00357787042424867,0.00170983632657226,-0.0119061502017703,-0.0250461055176585,0.53013367204984,0.46986632795016,1,16,0.0274935393741059,0,FP
-0.00486651479258676,-0.0407782987208198,0.00778409302856435,0.00117264764502373,-0.0462811039859011,-0.0199613882759256,0.0205682219049389,-0.020184447271884,-0.0792447925097189,0.727413952953521,0.272586047046479,1,17,-0.181791582978309,0,FP
-0.00986864509894867,-0.0407586677119578,-0.00476075739408099,0.00272718033978207,-0.0580466021863138,-0.00685508095540022,-0.053789563888993,-0.017737771263709,-0.082658782303555,0.822732594956308,0.177267405043693,1,18,-0.271748690463176,0,FP
-0.0229634177517808,-0.0672351375578086,-0.00289280126064812,0.00556208709570452,-0.0580068692566252,-0.0146908321992862,-0.0379546811609707,0.00633918029631504,-0.101555193685203,0.840027587961472,0.159972412038528,1,19,-0.293397665480303,0,FP
-0.0146102274273346,0.0217815198412698,-0.00760921376124677,-0.00354102792249437,0.0693185699137323,-0.00403874142476091,-0.00533855934239322,-0.00511706265057293,-0.0613160794512326,0.565045662369032,0.434954337630969,1,20,-0.0104708222250332,0,FP
0.0581818820963188,-0.00895248691173745,-0.00320851992299828,0.00250418469247203,-0.00130426116243865,-0.0108903578523849,-0.0313861855337023,-0.0229890494477865,-0.0364608765739231,0.564917801433282,0.435082198566718,1,21,-0.0545056706161804,1,TN
0.07319719788745,0.00113065180562583,-0.0413213240103051,0.00304295162951927,-0.00167656723725609,0.0195551916862398,-0.0106234752943265,-0.000471578922600568,-0.0437342205056648,0.561395926477893,0.438604073522106,1,22,-0.000901172961317989,0,FP
-0.000383528157268417,0.0488538878126243,-0.0574656662372019,-0.000485512609864883,-0.00660373438388211,-0.00060918442828616,-0.00443379345662354,-0.0106389703937437,-0.0460421463701642,0.617081215885563,0.382918784114436,1,23,-0.0778086482244107,0,FP
0.0558647433643797,-0.00589820048401975,0.00834981737989043,0.00191027320150589,-0.0201267944829141,0.00678154520389423,-0.0339952407506314,-0.00120873378263151,-0.0139927768272292,0.477785258601048,0.522214741398952,1,24,-0.00231536717775569,1,TN
-0.00434836065561823,0.010710175091463,0.01498200546175,0.00572903137903463,-0.0392548527633582,-0.00824932969173283,-0.0304966491447666,-0.0188952338383318,-0.0800588672797861,0.658260129120518,0.341739870879481,1,25,-0.149882081441346,0,FP
-0.0255107807377007,-0.035218289157031,-0.00100975503749097,-0.00825309245334191,-0.0790605784564361,0.000969845173024827,-0.0534906567522785,-0.0124405557281223,-0.0792122854355241,0.866213025061494,0.133786974938507,1,26,-0.293226148584901,0,FP
-0.00903066662319963,0.0618110349651951,0.0168877072581099,-0.0586748536498775,-0.0161022230876587,0.00240873528185379,-0.027356395889424,0.00594219718885412,-0.0493552453162318,0.59250150775642,0.40749849224358,1,27,-0.0734697098723787,0,FP
0.0102536088909087,0.0554744173301246,0.0204864159501113,-0.028257227564503,0.00249211075036075,0.00968129205865082,-0.00553308438252865,0.00320424939172179,-0.0358620726433059,0.468213057422173,0.531786942577827,1,28,0.0319397097815404,1,TN
0.0940746181259617,-0.00130652439333554,0.00929781675755702,-0.00427795069875211,-0.0169352171847313,0.00497008169694263,-0.023065039481342,-0.00766616878431813,-0.043283231903398,0.455778771052817,0.544221228947183,1,29,0.0118083841345844,0,FP
-0.00955536940602687,-0.0189700401086207,-0.0272296114250108,-0.000323676106561388,-0.0318398244249337,-0.0104756739522102,-4.5056920472505e-05,0.00955371934064412,0.0259003748328992,0.494086369873457,0.505913630126543,1,30,-0.0629851581702929,0,FP
-0.003088457870032,0.012517397489115,-0.0286191258125993,-0.00836930408314229,0.0523921998010407,-0.00350194806938692,-0.00775100484774565,-0.00370523006138482,-0.0560066975535087,0.591491430779125,0.408508569220876,1,31,-0.0461321710076439,0,FP
0.006395253966432,0.0626996539943342,0.00189588753099954,0.00497379365834182,0.0144688158257487,0.00347660596117847,0.00598347981906261,-0.0208266272204627,-0.00212884924565174,0.434126496362841,0.565873503637159,1,32,0.0769380142899829,1,TN
0.102887984528338,0.00301391516223876,0.00381930073357779,-0.0136169430141968,-0.0147650712908824,0.0224750703856229,-0.0152300196549082,-0.00158289270670007,-0.031031161927979,0.441637559574959,0.558362440425041,1,33,0.0559701822151113,1,TN
-0.0124677299541488,-0.0107817157654154,0.0120236780211932,0.013789571805199,-0.0301395447335653,0.00051696349549921,-0.0203721985725113,-0.025380379906309,-0.061575086735735,0.725888160600391,0.274111839399609,1,34,-0.134386442345794,0,FP
0.000642013888888889,-0.00049375544743456,0.00107528015779314,-0.00106783236820899,0.0265469728934886,0.00158961781258264,0.0106287824888756,0.00907087676523012,0.0724510964957762,0.0458033825721087,0.954196617427891,1,35,0.120443052686992,1,TN
-0.0107997226347686,0.057796976926813,-0.00193254102559297,0.000305263589564997,-0.0290026516994309,0.00410133961054578,-0.0149720419428255,0.0172310615009089,-0.0277831076108435,0.527498445547226,0.472501554452774,1,36,-0.00505542328562893,0,FP
0.039853211544428,-0.0343791473865641,0.00678953389543757,-0.00675016429836397,-0.0301618383179871,0.0235644590134493,-0.030495602831552,-0.0360983922394945,-0.063135982563212,0.669173006435665,0.330826993564335,1,37,-0.130813923183859,0,FP
-0.00542414618796708,0.0726239392827991,-0.0122013267161931,0.00552045459126412,-0.0139241298735135,-0.000304152728324265,-0.0054457116464584,-0.0331986479198811,-0.0359786682767689,0.553764489265297,0.446235510734703,1,38,-0.0283323894750432,0,FP
-0.00536020034919386,0.0562935632958111,-0.00273669717141525,0.010405976211559,-0.016703545604728,0.000614484798510772,0.000172567285668476,-0.0190152146922742,-0.00480152488526785,0.544950366795158,0.455049633204842,1,39,0.0188694088886703,0,FP
0.0131530367046574,0.00111310689611014,-0.00133916455343999,0.0029788221422637,0.0307227497045803,-0.0427950388493781,-0.0252716394760843,-0.00465866035405592,-0.0473989915023248,0.577052346702153,0.422947653297848,1,40,-0.0734957792876716,0,FP
0.0121538147921703,-0.0340268346094942,-0.0129800820165685,-0.000335539418874376,-0.0237658104543164,-0.016712214507214,-0.0347482433701059,0.00306157344757615,-0.0574502588378633,0.798782428658507,0.201217571341494,1,41,-0.16480359497469,0,FP
-0.0197400241437254,-0.0311725782607044,0.00154705619064277,-0.00815071954184184,-0.0487713613024181,-0.0134868412992531,-0.0676287833040777,-0.0241039606404698,-0.0348869312002732,0.805491324858079,0.194508675141921,1,42,-0.246394143502121,0,FP
-0.000533205020728831,0.000829972323211501,0.0222208135782167,0.00284020609985653,-0.00978138590736264,-0.00754227805055294,-0.00307348828602454,-0.008648791827781,0.0506583066940275,0.330740363433726,0.669259636566274,1,43,0.0469701496028623,1,TN
0.0011066948960331,-0.00536190486862024,0.0038339688219028,-0.0030624182033695,-0.0119595436200804,-0.0501200734488776,0.00958900642375101,-0.00880155224763612,-0.0425577025818898,0.597127440732733,0.402872559267267,1,44,-0.107333524828787,0,FP
-0.0115638424926444,0.0431103274158301,0.00469838955989497,0.0111551273211917,-0.0139866135442239,-0.0026149733953116,-0.0111676548105774,-0.0408796573142266,-0.0364189862329229,0.630632952545686,0.369367047454314,1,45,-0.0576678834929901,0,FP
0,0,0.000203652892561983,0.000609637188208617,0.00969093189808828,0.00193112512597632,0.0190647431616203,0.00645226322621182,0.0478495188732824,0,1,1,46,0.0858018723659498,1,TN
0,0,0,2e-04,0.0139528578242745,0.00172222222222222,0.0160852418107586,0.00668328474291461,0.0562733561725272,4.94608764467306e-05,0.999950539123553,1,47,0.0949169627726971,1,TN
5.55555555555555e-06,-1.38888888888888e-06,2.58751147842057e-05,0.000405555555555556,0.0116505150611974,0.00179712471655329,0.0207846130551547,0.00673746745386248,0.0480250176923846,0.000691717613532813,0.999308282386467,1,48,0.0894303353161589,1,TN
-0.00452804862685815,-0.000491916068539445,0.000132771604938272,0.000368792517006803,0.00551275576680014,0.00112308629377677,0.0274065888984152,0.00967768552745555,0.0733807666908208,0.0236533382470364,0.976346661752964,1,49,0.112582482603816,1,TN
0.000317777777777778,8e-06,0.000451652892561983,6e-04,0.0110140337947086,0.00130115293524817,0.0221946537996435,0.0081669517411801,0.0497862065288007,0.000293296211663559,0.999706703788336,1,50,0.0938404294699208,1,TN
0.00146962899350129,-0.000302524313429075,0.000967388888888889,0.0001555,0.0101333000305571,0.00204871672533415,0.0239022474476782,0.00932370480183197,0.0496260206267998,0.00711859673040646,0.992881403269594,1,51,0.0973239832011623,1,TN
7.83952751593444e-05,-0.00198201250288913,-0.000569718439288785,0.00162357968965058,0.00476699675220563,0.00207460357283409,0.0154714714502269,0.0105113683310637,0.0711433405686425,0.0473706976275933,0.952629302372407,1,52,0.103118024697605,1,TN
-0.000174518989888579,0.000744186871289685,-0.00193362318870003,0.00349722071362981,0.0203266932015996,0.00163393915578169,0.0139428242414352,0.0106607600710777,0.0404724257760037,0.0616619850521887,0.938338014947811,1,53,0.0891699078522287,1,TN
0.000115684555303603,0,2e-04,2e-04,0.00869682063080819,0.0012884808515999,0.0205885680743219,0.00814121223053041,0.0501885154539624,0,1,1,54,0.0894192817965264,1,TN
0.00878133959388775,0.00479469597724306,0.0104799180268985,0.000460545917586502,0.0225136698712543,0.0183333573021495,-0.00157293440251828,0.00852402410546404,-0.0129491163164837,0.258001398638626,0.741998601361375,1,55,0.0593655000754817,1,TN
0.000230944444444444,9.23497800099532e-05,0.000856137647345439,-0.000438538202317964,0.0093708967165991,0.00222299840837774,0.0262466942203419,0.0088837166764012,0.0697580133782163,0.00523986948468955,0.99476013051531,1,56,0.117223213069418,1,TN
0.000161111111111111,0,-0.000907833792470156,4e-04,0.0131434209808349,0.001525,0.0216429328705005,0.00895324273553927,0.0636955228673042,0.00413539440330036,0.9958646055967,1,57,0.10861339677282,1,TN
1e-04,0,2e-04,6e-04,0.0109027818647202,0.00194072222222222,0.0219248412721838,0.00633753043369169,0.0556552471478337,7.82350179940541e-05,0.999921764982006,1,58,0.0976611229406516,1,TN
-1.71675047735655e-05,0.000769366055941814,0.00140093650793651,0.0007473880903448,0.00885615518486244,0.00239274065614921,0.028171160850413,0.00584828421896766,0.0693140142311593,0.0220433624688944,0.977956637531106,1,59,0.117482878291001,1,TN
0.000165277777777778,-0.000567487022357152,0.000329783950617284,-0.00309450299844456,0.0142109932764045,0.00207256944444444,0.0196947746551789,0.0112397475294066,0.0642190548717957,0.014784980277938,0.985215019722062,1,60,0.108270211484824,1,TN
5e-05,1.38888888888889e-06,0.00065,6e-04,0.00810710164544851,0.00163964427437642,0.0198282464539229,0.00919684333621726,0.043219872579641,0,1,1,61,0.0832930971784949,1,TN
0.000205125,-0.000485125,2e-04,0.000595918367346939,0.010714796148196,0.00230309637188209,0.0217225368959644,0.00705459543356675,0.0664555289862655,0.00237687176211766,0.997623128237882,1,62,0.108766472203222,1,TN
0.000227078856749311,1.38675848362002e-06,0.000423782135152806,0.000590057067791916,0.019731602346387,0.00241261128680122,0.0155305058326514,0.00708054508390439,0.0558903971653247,0.024212483500863,0.975787516499137,1,63,0.101887966533246,1,TN
8.88888888888889e-05,-1.17365702479339e-05,0.000201388888888889,6e-04,0.0105433280842334,0.00162590136054422,0.0204174652287147,0.00716189544330129,0.0602079750074961,0.000221941179387988,0.999778058820612,1,64,0.10083510633182,1,TN
5.8e-05,1.38888888888889e-06,0.000202777777777778,0.000167746913580247,0.0103519954765653,0.00215887947215923,0.0204958818620653,0.00735939651592195,0.0528919150149193,0.000570475688959101,0.999429524311041,1,65,0.093687981921878,1,TN
0.000758,0.000256944444444444,-0.000563719467401285,0.000926367346938776,0.0123924520134347,0.00251379132491687,0.0227289544845486,0.00757281472553821,0.0583522755461229,0.00461764458994376,0.995382355410056,1,66,0.104937880418543,1,TN
0.00237555118100194,-0.000956460383051292,0.000543069903581267,-0.000798023406607822,0.00733634552388448,0.0019453676415776,0.021323190815858,0.0114475309196375,0.0531781019213471,0.0240023849607183,0.975997615039282,1,67,0.0963946741172288,1,TN
-4.72537163013353e-05,-0.00219716646989374,0.000144766758494031,0.00109499717854696,0.0130603047270791,0.0027821150010203,0.0120534340342197,0.0110411284297312,0.0595636972984327,0.0406450088040744,0.959354991195925,1,68,0.097496023241329,1,TN
0.000180918320496243,0.000181485961188883,0.000746222559547235,0.00124493802589907,0.0233109750749091,0.00231714356953372,0.014100134826413,0.00946374162699974,0.0689798762392009,0.027674357589791,0.972325642410209,1,69,0.120525436204188,1,TN
-0.000721820477502296,0.000202,0.00026,0.000822444444444444,0.0153252755945353,0.00101455307559204,0.0185355752640818,0.00896019584580082,0.0621876398173135,0.00323984893362884,0.996760151066371,1,70,0.106585863564266,1,TN
0.00186710681958734,-0.0010475653254874,0.00122203406982628,0.00101162252576268,0.013965772108323,0.00247398936957703,0.021075683376488,-0.0103154789015698,0.0564615344581665,0.0743331366310892,0.925666863368912,1,71,0.0867146985006736,1,TN
2e-04,-0.000204166666666667,4e-04,6e-04,0.0115296014226474,0.000773248758456551,0.0199973980265966,0.00720650174675012,0.0563639837930428,0.000939345142243693,0.999060654857756,1,72,0.0968665670808268,1,TN
5.8e-05,0,6.61157024793388e-06,0.00025,0.00816323430840044,0.00129542146365739,0.0173357389304819,0.0065273513349325,0.0459054909289244,0,1,1,73,0.0795418485366445,1,TN
2e-04,1.65289256198347e-06,-1.65289256198347e-06,0.000467283950617284,0.0119200587671708,0.00184722222222222,0.0171827641072652,0.00967244337911167,0.057345657038328,5.02537815970652e-05,0.999949746218403,1,74,0.0986354294647152,1,TN
0.000143422436329904,0,0,0.000209637188208617,0.0127318387755623,0.0013455,0.0176859312723712,0.00986620069536845,0.0597961010736097,0.000978043063195901,0.999021956936804,1,75,0.10177863144145,1,TN
0.000546888888888889,0.000283726354453627,-0.00183541092745638,0.000541753086419753,0.0161914070424925,0.0030332373393802,0.0225606721424719,0.00561103708050407,0.0623565597921599,0.0151843334135001,0.9848156665865,1,76,0.109289870799315,1,TN
5e-05,2.77777777777778e-06,6e-04,0.000395918367346939,0.011930352087667,0.00154637641723356,0.0180189012629386,0.00682630281557067,0.0472174076005364,7.91891035793475e-05,0.999920810896421,1,77,0.086588036329071,1,TN
5e-05,0,2.22222222222222e-05,0.000627777777777778,0.01156794713888,0.00093903514739229,0.0203320145999783,0.00680078688321058,0.0460465483884402,0,1,1,78,0.0863863321579014,1,TN
-0.000648164268952148,0.000651611111111111,-0.000629430670339761,0.000405555555555556,0.0152411445531381,0.00258998474645444,0.0181147542532624,0.00402431126951852,0.0409403353705578,0.010240825561198,0.989759174438802,1,79,0.0806901019203059,1,TN
-0.00628663863459372,0.00227016661981597,0.000600177091206853,0.00135058351605105,0.0201626947528782,0.00263310602234466,0.013092054008962,0.00859148159288202,0.0474301923218476,0.0339659382762831,0.966034061723717,1,80,0.0898438172913947,1,TN
-0.000939040060468632,0.0012915442598527,-0.00692276972648564,0.00123790286210903,0.0264881719063965,0.00336034536459212,0.00241474230997878,0.00926014782852229,0.0591496163734854,0.0728001471169347,0.927199852883065,1,81,0.0953406611179825,1,TN
9.51003086419753e-05,4.08888888888889e-05,4e-04,-0.00456494444444445,0.0137782283443068,0.00230966840248496,0.0233793014308723,0.00665404701155026,0.0500846058828337,0.0166220795434279,0.983377920456572,1,82,0.0921768958251345,1,TN
-0.000711159863945578,0.000289257551811664,5.71419753086419e-05,0.00188299319727891,0.0177231208513709,0.00270298798748149,0.0179445091988739,0.0109402235199865,0.0658841755490381,0.00652470333495415,0.993475296665046,1,83,0.116713249967205,1,TN
4.44444444444445e-05,-0.000221888888888889,0,2e-04,0.00887733614489567,0.00178886974048879,0.0188415873700414,0.00778081346915871,0.0412647036368113,0.000850434461083379,0.999149565538917,1,84,0.0785758659169514,1,TN
-0.00795461627640037,0,2e-06,0.00120555555555556,0.0151115889978428,0.00340800045913682,0.0181775868492178,0.00996759377427127,0.0516744313759633,0.025184286452861,0.974815713547139,1,85,0.0915921407355872,1,TN
6.49691358024691e-05,6.61157024793388e-06,0.000201652892561983,-0.000985770975056689,0.0117472294341061,0.00157898765432099,0.0149529700056637,0.00808178941601128,0.0467358952447064,0.00508875425170068,0.994911245748299,1,86,0.0823843343783641,1,TN
0,0.000177777777777778,2e-06,-0.00562522839506173,0.0120656807239578,0.00193467800453515,0.0220946652832697,0.0093631626955496,0.0588476977583503,0.0163287304084368,0.983671269591563,1,87,0.0988604338483786,1,TN
8e-06,1.38888888888889e-06,0.000206611570247934,0.000214969135802469,0.0124218873503641,0.00122154875283447,0.0162141847997081,0.00855546482501785,0.0477459542953239,0,1,1,88,0.0865900096181876,1,TN
0.00108954308390023,0.000746598765432099,8.27222222222222e-05,0.000748,0.00968695346945022,0.00219837048515458,0.0285513042705451,0.00817206171460013,0.0559629287559683,0.00447067802528188,0.995529321974718,1,89,0.107238482767273,1,TN
0.000540993197278912,0.000723611111111111,-0.00178048250595004,0.0012,0.0142163991890144,0.00142534516886032,0.0183787782259828,0.00636167966955683,0.0639900144206443,0.0134505527594958,0.986549447240505,1,90,0.105056338476499,1,TN
6e-04,2.42222222222222e-05,-0.000372828615988789,0.000630222222222222,0.0148303611360982,0.00223677148572928,0.0220148295988123,0.00778179788271293,0.0706300813367128,0.0063840515545061,0.993615948445494,1,91,0.118375457268521,1,TN
4e-04,0.000288888888888889,0,0.001,0.0127858932642233,0.00134965277777778,0.0207139670152879,0.00700534640311588,0.0567827957585544,0.000878853434288805,0.999121146565711,1,92,0.100326544107848,1,TN
0,2.22222222222222e-05,-1.72231404958678e-05,4e-04,0.0137352526095838,0.00156440277777778,0.0225421922213789,0.00942161769311337,0.0672138924703644,0.000315762668703845,0.999684237331296,1,93,0.114882356853945,1,TN
0.000408222222222222,6.51927437641723e-05,0.000956625,0.000888888888888889,0.0106236558477998,0.00253867033819956,0.0279219514257187,0.00958653187617257,0.0644345763093728,0.0020111356436594,0.997988864356341,1,94,0.117424314652139,1,TN
1.63265306122449e-05,-1.52921258034894e-05,0.000408264462809917,0,0.0102018262320692,0.00108142885487528,0.0199358769744966,0.00790269250118168,0.056383227465596,0.000413185006208262,0.999586814993792,1,95,0.0959143508958374,1,TN
-0.00118920517039078,0.0013946585477013,0.00301773806504542,0.00156585165846259,-0.00263436941852039,0.00236013326472309,0.00144691950087351,0.0142622076797661,0.0769993115230328,0.102107373435756,0.897892626564244,1,96,0.0972232456506937,1,TN
-8.41094091294307e-05,0.000516168878019528,0.000681569132627033,-0.000603605852901307,0.0142622581790904,0.00317971383802986,0.0259912184754679,0.00847516551257785,0.0421455543163546,0.0299809764831457,0.970019023516854,1,97,0.0945639330701365,1,TN
0.0002625,1.38888888888889e-06,2e-04,4e-04,0.0114546900639043,0.00145376303854875,0.0185460855735775,0.00700017109561915,0.0535603295777295,0.000588718510405257,0.999411281489595,1,98,0.0928789282382681,1,TN
0.0002125,0,0.000199735996326905,0.000425,0.0104801385768112,0.00140694444444444,0.0185740167361098,0.00830793490486185,0.058961873782923,4.9649967727521e-05,0.999950350032273,1,99,0.0985681444414772,1,TN
0.000718807256235828,-0.00057949737115538,0.00173168604177208,-0.00302948821757047,0.0163691199276313,-0.00138057790594046,0.0222147574185475,-0.00534318913183578,0.0787962620510402,0.0887811628818823,0.911218837118118,1,100,0.109497880068725,1,TN
0.00015,-2.77777777777778e-06,-0.00183883425160698,-0.000405555555555556,0.0124444016739233,0.00101784580498866,0.0205732252982307,0.00830101764423247,0.0576961461874465,0.0076700481206919,0.992329951879308,1,101,0.0979354690238814,1,TN
2e-04,1.38888888888889e-06,0.000202,0.000707646762408667,0.0123762490983844,0.00178866666666667,0.0199820639967496,0.00875737279333221,0.0601855432960298,7.70534751117275e-05,0.999922946524888,1,102,0.10420093150246,1,TN
2.38751147842057e-05,0.000296889348025712,0.000424222222222222,0.000530469135802469,0.0124907344315137,0.00252477777777778,0.0154753733771439,0.00957325088730013,0.0669692670185154,0,1,1,103,0.108308859313085,1,TN
-0.00314234258920893,0.000629486404188244,0.00257510440443395,-0.0118653710268007,0.008928810745051,0.0124442678214843,0.0492025442536059,0.00352005732390906,-0.0274443256388873,0.351871102276727,0.648128897723273,1,104,0.0348482316977755,1,TN
0.000185123966942149,2.22222222222222e-05,-0.000353615702479339,0.00143227731864096,0.0118878604161591,0.00136141040455056,0.0163391243211855,0.00721317120467716,0.056841779000581,0.00407351125805823,0.995926488741942,1,105,0.0949293531524792,1,TN
-0.000137191358024691,0.000109674918375676,1e-04,0.000639111111111111,0.0139320905298606,0.00138223515301437,0.0183110917125803,0.0106035965683947,0.0466961860586904,0.00193575049896889,0.998064249501031,1,106,0.0916367946940025,1,TN
0.000373611111111111,-0.000102157943067034,-0.000630125,0.00132606172839506,0.017602601886209,0.00224778604224059,0.0205450192543347,0.0111235768702798,0.0768536177756226,0.00532206279065919,0.994677937209341,1,107,0.129339991725126,1,TN
2e-04,-1.41671258034894e-05,-1.65289256198347e-06,0.0002125,0.0105458133749368,0.00215277777777778,0.0162636812158901,0.0103349236578317,0.0593460725332067,0.000833907876161397,0.999166092123839,1,108,0.0990399485412775,1,TN
0.000161111111111111,0,2e-04,6e-04,0.010561171670321,0.00219777777777778,0.020510783713761,0.0087990492515341,0.059400088181079,0,1,1,109,0.102429981705584,1,TN
0.00141688888888889,0.00018324574829932,-0.00108949428629732,0.000495146762408667,0.00917525398985734,0.0028518589557188,0.0351940070869486,0.0118816700800002,0.0826265469823987,0.0121098753658149,0.987890124634185,1,110,0.142735124208223,1,TN
0.00156045592286501,0.000223345597804472,0.00148605371900826,0.0008125,0.00836234754367005,0.00146611024385267,0.0241411698668295,0.00742108178621923,0.0713212161857703,0.0103152591948488,0.989684740805152,1,111,0.11679428086602,1,TN
0.000439111111111111,0.00028179012345679,0.00027727318640955,0.00025,0.0101313858105379,0.00207681120106445,0.0243208302305158,0.0082307395827477,0.0536487619589005,0.00247387475648345,0.997526125243517,1,112,0.0996567032047438,1,TN
5.41101928374655e-05,0.000150787540942303,-0.000670222222222222,0.000760888888888889,0.0111614817022003,-0.000171141516171819,0.0353381370919044,0.0109396761960983,0.11192920860741,0.0156383824396748,0.984361617560325,1,113,0.169492926481888,1,TN
0.000180548752834467,0,2e-06,5e-05,0.0107091047706502,0.000795456916099773,0.0168990521344136,0.00726511648384484,0.0445561029439936,0.000526607538802661,0.999473392461197,1,114,0.0804573820018366,1,TN
-0.00025473548617488,-0.000474611570247934,0.000282568027210884,5.42222222222222e-05,0.0139013153702558,0.00179660651974288,0.0188452227427855,0.0111545173160173,0.0675739105234993,0.00584532018098452,0.994154679819016,1,115,0.112879015665311,1,TN
-0.00347573611111111,5.55555555555555e-06,5.55555555555555e-06,0.0006125,0.0137104901639566,0.00158833418367347,0.0192884247239453,0.0107846579498344,0.0618928176308019,0.0134741144414169,0.986525885558583,1,116,0.104412599652212,1,TN
0.000502388888888889,0.000593137017203576,6.58564814814815e-05,0.000840009101788864,0.019525681406156,0.00146816808390023,0.0175324372401088,0.0107723197651114,0.0727735474181102,0.00454680639370147,0.995453193606299,1,117,0.124073545402749,1,TN
1.9125e-05,6.66666666666667e-05,2e-04,6e-04,0.012700772721026,0.000834388888888889,0.0203140791040169,0.0082353917319453,0.047119206568884,0.000184467810367091,0.999815532189633,1,118,0.0900896306814278,1,TN
0.00196595425550079,-0.0013026643618727,0.00395452494252981,0.00243995033617977,0.00332916960706842,0.000213914157551603,0.0332918562165148,0.00888477289229129,0.0590844175370485,0.0966169210906053,0.903383078909396,1,119,0.111861895582812,1,TN
0.0012577807809074,-0.00100631873491668,-0.0046885001957318,0.000268487029384757,0.00165735938778634,0.000702231188144067,0.0273599867456778,0.0130179971095723,0.120668100221187,0.0575091767800101,0.94249082321999,1,120,0.159237123532011,1,TN
8e-06,0,0.000602,0,0.00970613830065237,0.00176535197782817,0.0213588009334741,0.00815048153562007,0.0588899698612074,0,1,1,121,0.100480742608782,1,TN
0.000305555555555556,1.8e-05,-8.61157024793388e-06,4e-04,0.014156523311605,-0.000913817869740489,0.023202071133412,0.00934457956783877,0.0743018966658442,0.00929251289283652,0.990707487107164,1,122,0.120806196794267,1,TN
1.9846189164371e-05,2e-04,0,8e-04,0.0151078636548436,0.00112942885487528,0.0191978957816674,0.00904338889357396,0.0661963548039663,0.000147579693034238,0.999852420306966,1,123,0.111694778178091,1,TN
0.0004125,1.41528925619835e-05,2e-04,0,0.0117742079163621,0.00131287832874197,0.0189086557116725,0.010542895590881,0.0565390483449731,0.000180962721679334,0.999819037278321,1,124,0.0997043387851927,1,TN
0.0014099674351222,-0.00057796696271101,0.000898283408710898,0.000218455506934944,0.00332500918429815,0.00117564684361654,0.015334601470279,0.0119478014082278,0.0707343083897624,0.0458768225639391,0.954123177436061,1,125,0.104466106684241,1,TN
0.00106844444444444,0.000186111111111111,-0.000916112029384757,0.00143055555555556,0.011354826199534,0.00177399758953168,0.0218332669466777,0.0105770014331107,0.0630629576472309,0.0108404592908158,0.989159540709184,1,126,0.110371048897811,1,TN
0.000251048752834467,-9.80925925925926e-05,0,0.0012,0.00941361974205048,0.000599341138659321,0.0240536552343159,0.00682687969443976,0.0508425210591277,0.00160994000818466,0.998390059991815,1,127,0.093088973028835,1,TN
0.000452173469387755,-4.46913580246914e-06,0.000984722222222222,0.0010625,0.0112407292253602,0.00142127692743764,0.0253466746289425,0.00800943770132785,0.0523755177264815,0.00094372936419655,0.999056270635803,1,128,0.100888562765357,1,TN
0.000846450617283951,-4.86111111111111e-05,-0.000407735996326906,0.000803125,0.0139977187071186,0.00128646638931055,0.0232222961049893,0.00645870918419403,0.0669349242746992,0.00939322777678942,0.990606772223211,1,129,0.113093343170158,1,TN
0.000337098255280073,5.22268135904499e-06,0.000270347107438016,-0.00484458163265306,0.0142681546692445,0.000838888888888889,0.0249792586738858,0.00851705518751731,0.0461118734094189,0.0150782917725066,0.984921708227493,1,130,0.0904833172403795,1,TN
0,-8.68055555555555e-06,4e-06,2e-04,0.0103597111917464,0.00105111340679523,0.0189417434442862,0.00880958944162299,0.0591264916912893,0.000161052825326707,0.999838947174673,1,131,0.0984839686201845,1,TN
0.000203125,0,4e-04,4e-04,0.0119299204074345,0.00102222222222222,0.0170850480802667,0.00909694388588003,0.0515987494953139,0.000149603550590934,0.999850396449409,1,132,0.0917360090911173,1,TN
0.000516666666666667,-0.000272376543209877,0,0.000358333333333333,0.015017226935142,0.000345293597435914,0.0157199765845426,0.00666368799180217,0.0632262677428792,0.00440962853705236,0.995590371462948,1,133,0.101575076308592,1,TN
0.000294444444444444,4.51388888888889e-06,0.000201388888888889,0.000645918367346939,0.0131291079551962,0.00131924829931973,0.0214092404632805,0.00747589826267207,0.0409381300937118,7.78513040093422e-05,0.999922148695991,1,134,0.0854178906637494,1,TN
0.00205153999175428,-0.000830056009747027,0.00173500582640464,0.00130054875283447,0.00710496525057835,-0.00026687677147688,0.0277575531890748,-0.00488448319127161,0.0982601038773636,0.0634753620864732,0.936524637913528,1,135,0.132228300915515,1,TN
0.000299597222222222,0.00133882581952279,0.001427,0.00129139869656158,0.0264578118070001,0.00190550566893424,0.0172450886420378,0.0108122411728083,0.0707370545943354,0.0123066926343358,0.987693307365665,1,136,0.131514523623422,1,TN
2.95684113865932e-05,2.22222222222222e-05,2e-04,0.000405555555555556,0.0100707591025697,0.00141037414965986,0.0199458697082139,0.00898393470782865,0.0544595826204219,0.000152959771580074,0.99984704022842,1,137,0.0955278664778584,1,TN
2.77777777777778e-05,6.94444444444444e-06,2e-04,0.000209722222222222,0.012348226112652,0.00259987414965986,0.0197602009715273,0.00900295096632164,0.0697482588657134,0.000139664804469274,0.999860335195531,1,138,0.113903955510319,1,TN
0.013036011988052,0.00334765048287451,0.0110528243884943,-0.00134528946598535,0.000147722608219903,0.0248620885556243,0.0434487057690386,0.00606543804542019,-0.00013105442072758,0.201939779708236,0.798060220291765,1,139,0.100484097951011,1,TN
0.000140888888888889,0.000267234693877551,-0.00191415914478739,0.0007875,0.00959420656185645,0.00118285272353508,0.0291904956270081,0.0113310691604772,0.0971571660175242,0.0181561505305427,0.981843849469457,1,140,0.14773725452838,1,TN
5e-05,2.77777777777778e-06,2e-04,0.0006625,0.0104357750521084,0.00192757112352134,0.019143974400259,0.00746095764645007,0.0497789484111367,4.94608764467306e-05,0.999950539123553,1,141,0.0896625044112533,1,TN
0.000206416437098255,5.55555555555555e-06,0.000202,0.000404081632653061,0.00950313681912924,0.00299805654176271,0.0175669108621257,0.00722382251758983,0.0345884795660689,0.000859862747974636,0.999140137252025,1,142,0.0726984599319832,1,TN
2e-04,-0.000238054012345679,0.000483950617283951,0.000592,0.0097797479778719,0.000789369445849965,0.0198534095503062,0.00871417503602298,0.0600270894856106,0.00344674498714903,0.996553255012851,1,143,0.1002016881006,1,TN
0.000200715419501134,-2.5e-05,-0.000201388888888889,0.0007405,0.0171415827614946,0.00242552607709751,0.0198141042141681,0.0105310861071548,0.0759747254301935,0.00118135376756066,0.998818646232439,1,144,0.126601851120721,1,TN
0.00730233393536478,0.0390733445735962,0.0184905499774596,-0.000561074841904929,0.0441338350337533,0.0135298881676484,0.0205180620298012,-0.010597072171155,0.109692949771369,0.84921838707935,0.15078161292065,0,145,0.241582816475932,0,TP
-0.00512154816537879,0.00887903080251078,-0.00921228621845126,0.00726865399407391,-0.0317722911708301,0.0328206396023209,0.00978083114384413,0.0145162442797903,0.0458900843807067,0.521421459436287,0.478578540563713,0,146,0.0730493586485865,0,TP
0.00686067758522142,0.0330281935935837,0.0250281167017006,-0.00604480270338928,0.0535935490188423,0.00798090760418033,0.0244241168302797,0.0221742704625621,0.0876784196416859,0.877001059765287,0.122998940234713,0,147,0.254723448734667,0,TP
-0.0570886484857335,0.003376508124171,-0.0034264112845628,0.00370967048239559,-0.0120487754368047,-0.0265838601858099,0.0205638551238524,-0.0089371967154018,0.0293147889727516,0.335590123278145,0.664409876721854,0,148,-0.0511200694051419,1,FN
0.00297434998485161,-0.0297502986055151,-0.0110423060170349,-0.00123247130264717,0.0209278244730858,0.0889488665395451,0.0279419923136227,0.0168862771351424,0.0659945346299524,0.666042839694801,0.333957160305199,0,149,0.181648769151003,0,TP
0.00631355628981008,0.0306769459335157,0.0117287889717105,0.00231286980790173,0.0382550782177579,0.0145496974566839,0.0212641725721969,0.0142650621752986,0.104371479686059,0.864290890440946,0.135709109559055,0,150,0.243737651110934,0,TP
-0.0346523869820656,0.0203867940086809,0.0398958209335157,-0.000960757344106911,0.0438948450457471,0.00136002646778026,0.023086866787073,0.0164031402264763,0.06466566846261,0.762079078980488,0.237920921019512,0,151,0.174080017605711,0,TP
-0.0877012901999796,-0.00187608492131165,0.0206948367984629,0.00740957547308792,0.0143114328171428,0.0142310148701507,0.0118280602958049,0.00217558970684999,0.0593520796375943,0.510486708457488,0.489513291542512,0,152,0.0404252144778021,0,TP
0.0174587413641153,0.0126299647055486,0.00328137750729309,0.00355545169823362,0.00533183976124885,-0.00299964653674448,0.00826316685953537,0.00198336293932939,0.000795168916801491,0.597645833032374,0.402354166967626,0,153,0.0502994272153612,0,TP
0.00957947628730096,0.00707412436257025,-0.00372783515270204,0.00493626850394275,0.0361762794870473,-0.00355261365198053,0.015887353539518,0.0311141899022694,0.0577075542026116,0.675133426602414,0.324866573397585,0,154,0.155194797480578,0,TP
0.0224304733765713,0.00849877909037812,0.00744218643271511,0.00445321684974878,0.0415741252394591,0.00787024643153864,-0.000340742709250826,0.0168041821450956,0.0907364716415338,0.773279388799937,0.226720611200063,0,155,0.19946893849779,0,TP
0.00676890986628811,0.0300688470410662,0.0240334566441055,-0.000536148059131826,0.0372191886799869,0.00504477987018193,0.0334754371495308,0.00697201876396411,0.0750000735782375,0.888863184698758,0.111136815301243,0,156,0.218046563534229,0,TP
-0.00554539856511934,0.0317317336639431,-0.0209314090253181,-0.00974332266542981,0.0356992140171036,-0.00292128736160825,0.0330690494267036,0.000332924111502575,0.0500379201422075,0.679229554755446,0.320770445244556,0,157,0.111729423743985,0,TP
0.00728753696702128,-0.040375494966153,-0.00662590921324146,0.000343221643095561,-0.0121910966561096,0.0451328819031898,0.00812140279990172,0.00476419588067856,0.0339870883739477,0.570499136057076,0.429500863942923,0,158,0.0404438267323305,0,TP
0.00690775921240857,0.0244905842099619,0.000352219791191653,0.00584571928598498,0.0360024964711015,0.0120614470155065,0.0211796391502117,0.0100686648064337,0.0638237126849822,0.787382470697296,0.212617529302704,0,159,0.180732242627783,0,TP
0.000811022520088537,0.00189684231903658,-0.0123113719445538,-0.00439585041093266,0.0261293581912716,0.019976724034303,-0.048876270560428,0.00971901359997626,0.0599918033257227,0.487587401873116,0.512412598126884,0,160,0.0529412710744843,1,FN
0.00291556760997941,-0.0266879462614706,-0.028445568217737,-0.0106126278427961,0.016518786493569,-0.00696924945366883,0.00781129271456057,0.00157177112185554,0.0604967709940572,0.479427886679897,0.520572113320103,0,161,0.0165987971583491,1,FN
0.0196061329620155,0.0252692214189931,0.0030559151034151,5.50502624680112e-05,0.0345915042212477,-0.0100445275500313,0.0162752726819837,-0.000973754264975044,0.0679495610324019,0.759154281494708,0.240845718505293,0,162,0.155784375867519,0,TP
0.019318319204725,-0.00371859256422189,-0.00645823241615287,-0.00151549017801182,0.0233222693225285,0.000943221735495545,-0.0820387654406881,0.0105041135179355,0.0515485261393048,0.427282116665678,0.572717883334321,0,163,0.0119053693209148,1,FN
0.0018892912535997,-0.0919433821064698,-0.00295917288089095,0.0331825180492307,0.00961671436510019,-0.00646148808430627,0.00766917511645001,-0.0126042107818028,0.0520759539366558,0.387010522500032,0.612989477499968,0,164,-0.00953460113243337,1,FN
-0.00212314159399603,-0.0452072480843271,-0.0135090796029768,-0.0194569777789751,-0.0116379414853024,0.0561765079979344,-0.00436080088141776,0.00858284370555691,0.0358379013933397,0.486339308534028,0.513660691465972,0,165,0.00430206366983586,1,FN
0.00101020241452871,-0.0802156267480515,-0.0125122583412459,-0.0127896115613984,-0.000867683807514435,-0.00386397630447955,-0.00966463890684832,0.0166047726892716,0.012497803817655,0.415546605994176,0.584453394005824,0,166,-0.0898010167480827,1,FN
-0.039068637230114,0.0122204144865476,-0.0103338541553444,0.00104936079486891,0.0160409974846382,0.0348377689826007,0.0258657737098359,-0.00415603455004592,0.0525377929943633,0.64349477410251,0.356505225897491,0,167,0.0889935825173503,0,TP
0.0184933064009503,0.0344194357525992,-0.000738979145974276,-0.0117315716779212,0.0410928496316494,-0.00270418785567487,0.0143881112636362,-0.00707610141874319,0.0860562159153377,0.724598870772197,0.275401129227803,0,168,0.172199078865859,0,TP
-0.00407843649049764,0.00338564643028929,-0.0228728627381317,-0.00717234710925999,0.0137696228516353,-0.00463154605059042,0.0205498132822765,-0.0133462758907358,0.038694305326768,0.556094818903715,0.443905181096285,0,169,0.0242979196117535,0,TP
0.00994432670109672,0.025752211217254,-0.0124221673132063,0.012402430373879,0.0396305710110797,0.00765906222345075,0.0370583879125724,0.0142402036399347,0.0915564692399151,0.824172432002775,0.175827567997225,0,170,0.225821495005976,0,TP
-0.0138572222766211,0.0028431023375374,0.031306126752216,6.0130878460965e-05,0.0212673226448676,0.00441737564107369,0.0264057392766565,0.0255393814635741,0.0544130025739252,0.71101554019333,0.28898445980667,0,171,0.15239495929169,0,TP
0.0147030033157279,0.0266726618238664,0.0135579642320963,0.00708531812507678,0.0351341553477987,-0.00256837941541783,0.0310472710679772,-0.00449671020970372,0.0839854684538646,0.87813846818002,0.121861531819981,0,172,0.205120752741286,0,TP
-0.00100859111809707,-0.0973440328998603,0.0138750143545328,0.00817738944328879,0.00311843692829137,-0.00757961695755743,0.0146924514218145,0.00622618014561196,0.0649632735453379,0.508652408419276,0.491347591580724,0,173,0.00512050486336256,1,FN
0.00259643292541994,0.00389401230117085,-0.0486240597541588,-0.0116759320185987,0.0168082824555595,-0.00718039981681378,0.00601806498555957,-0.0178105972852104,0.0552861507444576,0.50782568006706,0.492174319932941,0,174,-0.000688045462614171,0,TP
0.00186275541229654,0.0189372671676568,0.00758780412296538,0.0133270727606929,0.0231359765197325,0.00716459744268078,0.0322129388744172,-0.0135520823770586,0.0680216154900895,0.732938235852021,0.26706176414798,0,175,0.158697945413473,0,TP
0.0219502075418169,0.0240626466890092,-0.00151047395751995,-0.00605350641281918,0.0279140138225171,-0.00305928776556536,0.0281090703788556,-0.00293653969607433,0.0564383584174564,0.670313385683354,0.329686614316647,0,176,0.144914489017676,0,TP
0.0121458499218635,0.0101001185543853,-0.00831807933879092,-0.0105174194498583,0.0287123141307947,0.00385388062000129,-0.0102004334249004,-0.00502055195221645,0.0932259355053316,0.619544258799877,0.380455741200123,0,177,0.11398161456661,1,FN
0.00248947322873135,-0.0595814881282939,0.0134034770033358,0.0364319486779254,0.0182157071542575,-0.00898986722226387,0.0258575925496461,-0.00486166863908098,0.0628160892388636,0.594463286183032,0.405536713816969,0,178,0.085781263863121,0,TP
0.0115632673365796,-0.0131765006072371,-0.0126208984073887,-0.00161744177733842,0.0272639205703708,0.000833173439195084,0.0146920296705459,0.017644661562023,0.0737121390835796,0.707829951151497,0.292170048848504,0,179,0.11829435087033,0,TP
0.0145780830746134,0.000290278095321387,-0.00939445352983556,-0.00626909356786792,-0.0331906118440642,-0.0058042815992329,-0.00795607205532963,0.0152272703561069,0.0280291465354431,0.36117648224791,0.638823517752089,0,180,-0.00448973453484548,1,FN
0.0109429065693005,0.0168797580281271,0.0142681164328296,-0.000129777295996452,0.0232538729653784,0.00900881332912718,-0.0253214428478768,0.00375226581210997,0.104205992241785,0.720129424040714,0.279870575959286,0,181,0.156860505234784,0,TP
-0.00163951296540961,0.00287591011511737,-0.000329248307388459,0.00262620366856568,0.0186142667394935,-0.000188841385926884,-0.00975931760737659,-0.0023197964040529,-0.113418325453827,0.152382311102289,0.847617688897711,0,182,-0.103538661600805,1,FN
0.0033995231049414,0.011155832337756,-0.0215487457964514,0.00257934235339376,0.0159466462124336,-0.031864039477698,0.0158099852995529,0.00855985177637018,0.0667341667679162,0.56848346098346,0.431516539016539,0,183,0.0707725625782147,0,TP
-0.000900691226322178,0.020835911245,0.0321818763623141,-0.00332024238936468,0.0439275975197241,-0.0129340477132696,0.0162808193098788,-0.00145522214621998,0.0661903539400915,0.694788014340172,0.305211985659828,0,184,0.160806354901832,0,TP
0.00746973522745493,-0.0163545057384294,-0.00288655898346483,-0.00523040321713319,0.0148377821499889,0.0572078129282934,0.0313826693991034,-0.00228850105596264,0.0468874430571433,0.621584578176128,0.378415421823872,0,185,0.131025473766994,0,TP
0.0069029856829478,0.0343204837001222,-0.00573067388922205,-0.00252228000787092,0.0262923684252856,0.0339369051106822,0.0256473819497802,-0.00779494033459726,0.0891570156093506,0.771629202333086,0.228370797666914,0,186,0.200209246246478,0,TP
0.0109208483088981,0.0406309535238491,0.00362343013311845,0.00361793988509086,0.0388976383415166,0.00821049190159688,0.0369280924676574,0.0218616868561933,0.0629546447069645,0.877887782904231,0.12211221709577,0,187,0.227645726124885,0,TP
-0.0169253738003619,0.017136994405246,0.0319436498261839,0.000612890826946022,0.0358612589404142,0.0253086766596599,0.0353943500894848,-0.00748908089449431,0.101085060336929,0.782388007940495,0.217611992059506,0,188,0.222928426390008,0,TP
0.00774413442583951,0.0457164560753901,0.00628833516805865,-0.014901190443395,0.0340063076453569,0.0161850184300228,0.0192662019348296,-0.0179452202909324,0.0990931683915531,0.706039239566474,0.293960760433526,0,189,0.195453211336723,0,TP
0.0173047569414512,0.0347101486096275,0.00411931561492059,0.00581726488680872,0.0433211134580707,0.00115201879363622,0.00963974152028427,-0.0269046086642034,0.0829550915566717,0.690635248589794,0.309364751410206,0,190,0.172114842717268,0,TP
0.018257160313452,0.0409408776920931,0.000705544180206518,-0.0135034468065004,0.048325600286518,0.000785171233047856,0.0230843316170362,0.00800076510960981,0.0907671575370277,0.824093418658636,0.175906581341364,0,191,0.217363161162491,0,TP
0.00834011261501846,0.0134074588718561,0.00374916979134782,0.00488455076220877,0.0281255354149618,0.0170199122122066,0.023004725855754,0.00193318672032633,0.0802351420822844,0.790344394186234,0.209655605813766,0,192,0.180699794325964,0,TP
0.000622494131690019,0.0275534053644568,-0.00333300976941128,-0.00339482994238405,0.0264870863682173,-0.0221535015088527,0.0109012149335553,0.00567423019725184,0.0614196201527749,0.66911700024621,0.330882999753789,0,193,0.103776709927298,0,TP
-0.00214205884369358,-0.0115090864299041,0.00168571925657315,-0.000186567522524774,-0.109425038623714,0.0199670209966601,-0.00894783428882726,-0.00767655583926255,0.0365219685936358,0.315726227119492,0.684273772880509,0,194,-0.0817124327010572,1,FN
0.0174474068397331,0.0121211635068475,-0.00234672591015286,-0.00384656883720737,0.0492776431426718,-0.00109514057291114,0.0230237558740362,0.0113837735125425,0.0979323594905976,0.854291158014563,0.145708841985438,0,195,0.203897667046157,0,TP
0.00390499089690973,-0.0168992926255442,-0.0164143235178522,-0.0164626865264165,0.0306937100282874,-0.00130476567962661,0.020496584424434,-0.0287423070834088,0.058817996496609,0.53317289236059,0.46682710763941,0,196,0.0340899064133918,0,TP
0.00358425347111602,0.0146044403421454,0.00979501873116862,0.00338282758553376,0.0182088535991225,0.0170470549985528,0.0227409576438472,-0.0062111804897043,0.0714757961588676,0.788564031571319,0.211435968428681,0,197,0.15462802204065,0,TP
0.00412195590256305,0.00747815141598421,0.0180576929176323,-0.0210732269871983,0.00391088209996273,0.0119031698207596,0.0140077262165044,0.0102817168494885,0.0617507470366935,0.651534789632059,0.348465210367941,0,198,0.11043881527239,0,TP
0.00708274645001864,0.0255980930655243,0.0265851510445623,-0.00013207340124602,0.0463469548026128,-0.0242851203516301,0.0207823835247445,0.0150535762318089,0.0803364653291834,0.803544128544129,0.196455871455871,0,199,0.197368176695579,0,TP
-0.0533488666467811,0.00823473724515824,0.0368637178874917,-0.00104638552474862,0.0377212520156211,-0.0180195916946209,0.00959301432069614,0.000542554213543391,0.0477288771923523,0.595467364388459,0.40453263561154,0,200,0.0682693090087122,0,TP
0.00941441092511385,0.0233418251420097,-0.00118860053638841,0.0103371614974732,0.038706252502608,0.00815255225804739,0.0314269066929343,-0.00524039526188498,0.0928379205404384,0.769736137963387,0.230263862036613,0,201,0.207788033760351,0,TP
0.00145080543374375,-0.0261144823927275,-5.9070345018938e-05,0.0215434308223442,0.00908139120825863,-0.00951101887718662,0.00349291749175948,-0.00568157993561673,0.00650670859830005,0.334543243557862,0.665456756442138,0,202,0.000709102003856336,1,FN
0.0114159224795367,0.0401599318796083,-0.00547324631128852,-0.00226634200643833,0.0384588886804033,0.00438101231262324,0.0338900577247428,-0.0018414520772037,0.0632510755568986,0.796726150481694,0.203273849518306,0,203,0.181975848238882,0,TP
0.0134288009613242,0.0184589305860085,-0.00768709330186008,-0.00519334662149218,0.0297812803837176,0.0281012269778282,0.0300973857709751,-0.00331634310534744,0.0925355871279794,0.795466141697909,0.204533858302092,0,204,0.196206428779133,0,TP
0.00814746205015523,0.0120827437441306,0.00221578497951063,0.00388711402912864,0.0304975337733655,0.0129064100188132,0.0397955146442262,0.00378645512640318,0.0848366653210106,0.850165210006525,0.149834789993476,0,205,0.198155683686744,0,TP
0.0251920840347924,-0.0135824632042441,0.00849686115457815,-0.00669170132863369,0.0246563035461813,-0.0191362579247953,0.0228725934507412,0.0313020743192594,0.0799245064562862,0.650176270714475,0.349823729285525,0,206,0.153034000504166,0,TP
0.0139730740883896,0.0114735460565769,0.00216430021769957,-0.00350737845706082,0.0336469436383522,0.00497244018675729,0.0236115993960945,0.00968441232074403,0.0708395254516407,0.764710966022442,0.235289033977559,0,207,0.166858462899194,0,TP
0.0113629545657565,0.020719687653436,0.0106555065986603,0.00181752626111663,0.0366877319676876,-0.0152917067354643,0.036860768125233,0.0129656753801153,0.0843516435435056,0.83036546179989,0.169634538200112,0,208,0.200129787360047,0,TP
-0.0180904638190293,-0.0793469646196556,0.0254420211236775,-0.0161993092593634,-0.012810145827477,-0.0128844995694942,-0.0121599548406139,-0.013184737911219,0.015344240806592,0.279914205746598,0.720085794253402,0,209,-0.123889813916583,1,FN
0.00156484282007875,0.00712300187220588,0.00806932977632437,-0.00588007818678435,-0.00350418367737361,-0.000731472621754548,0.042747878471116,-0.0206697723738103,-0.0788124177465752,0.316008831168831,0.683991168831169,0,210,-0.0500928716665729,1,FN
-0.0330238956033745,-0.00352631880467216,0.0350954678307503,0.000182899242111904,0.0364494401479753,-0.0137104772237943,0.0253795010598669,0.0113562006084344,0.0422256467926013,0.647385996501041,0.352614003498959,0,211,0.100428464049899,0,TP
0.000781443398372511,-0.0842606535625269,-0.0144798401790009,-0.00543763003436759,-0.0080168396045593,0.0280529913292375,-0.00382408115685821,0.0189582013773064,0.0498724964255522,0.469477849555302,0.530522150444697,0,212,-0.0183539120068444,0,TP
0.00121665106200117,0.0108941722408584,-0.0347513832470239,0.0135709309053741,0.00587995746269123,0.0114925515305602,-0.00616711523917801,0.0017622016815756,0.07673589892613,0.559900763754355,0.440099236245645,0,213,0.0806338653229887,0,TP
0.017887623875323,0.0414497290876712,0.00416273855437492,-0.0027902079835148,0.037345048144296,0.0100203706577213,0.0283922436137295,0.0162924579962686,0.0919798820486872,0.862826916557248,0.137173083442752,0,214,0.244739885994557,0,TP
0.00322871240960419,0.0303225587169364,0.0261666943291397,-0.00362036260668945,0.0396128794427474,0.00997128945245071,0.0353444110058011,0.0126029142941995,0.1043319611488,0.87678959675739,0.123210403242609,0,215,0.257961058192989,0,TP
0.00647400934853586,0.0333727981180075,0.0214169020138511,-0.000307312397839454,0.0404385212228448,0.00505465993552303,0.0484358745395618,-0.00687607419120082,0.0754144491287332,0.849058922426997,0.150941077573003,0,216,0.223423827718017,0,TP
0.0115402430850975,0.0247590468218049,0.00331744117660838,-0.00787423859315688,0.0416384638213718,0.00725033036117722,0.00464677990505967,0.0162993604929422,0.0941826477655341,0.772528830857672,0.227471169142328,0,217,0.195760074836439,0,TP
0.00628707959699031,0.00655328953365858,0.0163252960721938,-0.00033892776455547,0.0289413020003686,-0.00340375213352865,0.018418300572984,-0.000493621950019677,0.103568715097012,0.827507475581311,0.172492524418688,0,218,0.175857681025104,0,TP
0.00280965877466689,0.0418467069244288,-0.00328700788445161,0.00585868061828343,0.0351820029536761,-0.00282053429418906,0.0377140601151694,0.0106784675264811,0.0781351742140535,0.770897834584543,0.229102165415456,0,219,0.206117208948119,0,TP
-0.00715485140156461,0.0158005777633061,-0.0193359479046286,-0.00159654399358458,0.0391391613186597,-0.0119236218529346,0.0134897408313188,-0.0187389977706877,0.0354931067670105,0.583910070171452,0.416089929828548,0,220,0.0451726237568948,0,TP
0.00021705183769253,0.00369157845903896,0.0035497006250924,-0.0141497590965832,-0.0212190592119921,-0.00249059089555626,0.0198590367515081,0.00980237267880829,0.0457451603964818,0.450598552681886,0.549401447318113,0,221,0.0450054915444905,1,FN
0.00944129277754873,0.0197006023406608,0.00568306032079192,0.00823246904366277,0.0373163317211488,0.0080287675572984,0.0362546212740682,0.00179427656148165,0.0952184078545713,0.897760860515963,0.102239139484037,0,222,0.221669829451233,0,TP
0.0101670144833722,0.0145926647770219,-0.00346021180054513,0.00583977700760439,0.0354354884997158,0.0221937049707548,0.0256210443795823,0.00543511345156367,0.0873769985812048,0.849879912654871,0.15012008734513,0,223,0.203201594350275,0,TP
-0.0807307394671827,0.00978659800176575,0.0241953146786875,-0.00278742205814067,0.00949052965440844,0.0186743529616928,0.0144766655042488,0.00545382133044525,0.0465467297797601,0.595013754228631,0.40498624577137,0,224,0.0451058503856853,0,TP
0.011712946568603,-0.0319464237642869,-0.0205135687401223,0.000533833759414387,0.00805221826932487,0.00167661154968568,0.00693741481866699,0.0368736441746886,0.0468368030930309,0.592888083911984,0.407111916088016,0,225,0.0601634797290052,0,TP
0.00171942577444201,0.00498480670391818,0.0231714664226266,-0.0114374104063725,0.0337650629629109,-0.004096457989241,0.0270648157963369,-0.000310405687726575,0.0792566287300963,0.68883376994965,0.31116623005035,0,226,0.154117932306991,0,TP
0.00368347798667983,0.00355680838013197,0.0108240059510795,0.00213981509201477,0.011175726540555,0.0025194240529392,0.0299525113412521,-0.00112751676552164,-0.0377825672526127,0.473704537211066,0.526295462788934,0,227,0.0249416853265181,0,TP
0.0238292108445307,0.0323804202759922,0.00524213892689001,0.00843912983108762,0.045147321365323,0.00270959672065949,0.0168583612464576,-0.0132456445932214,0.102272695307538,0.808565339716133,0.191434660283867,0,228,0.223633229925258,0,TP
0.00845859263267597,0.0317120391989364,0.0219929051067779,-0.00381209556657068,0.0404485803819998,-0.0161271526986522,0.025041552092248,-0.0138878956947334,0.0677509496237889,0.726852508112541,0.273147491887459,0,229,0.161577475076471,0,TP
0.0116797630179865,0.0266524354405215,-0.00416747379614533,0.001261985587945,0.0455205106897672,-0.00739191397743671,0.0372337952705263,0.0196360356778463,0.056316591103261,0.783863983609974,0.216136016390027,0,230,0.186741729014272,0,TP
0.0132911029296781,-0.0206112164653128,0.00228559333569669,-3.81942843712326e-05,0.0335902496022896,-0.00516703514973482,0.017902226268821,0.00177255331062636,0.0951592970969226,0.699509823213031,0.300490176786968,0,231,0.138184576644616,0,TP
0.014708463236519,0.00261499851144927,0.0079210624426079,-0.00678395684894711,0.0327751039252554,-0.00924586887010697,0.0108856786830894,0.0112387597100671,0.0531167114502061,0.637401462585576,0.362598537414424,0,232,0.11723095224014,0,TP
0.0173303478885432,0.0147189018915188,0.000276482735778732,0.00125989160961293,0.0592303667933197,0.00436253710184717,-0.00670915118147044,0.0250397571468134,0.0382212303703391,0.64817048899914,0.351829511000859,0,233,0.153730364356303,0,TP
-0.00787381407743691,-0.0125860344399468,0.000214200678970701,0.00644566187540213,0.042989471340388,0.00248274816293215,0.0117929380061177,0.0163041384448484,0.0560796778671064,0.64719276754991,0.352807232450089,0,234,0.115848987858382,0,TP
0.00347128870127788,-0.0220751483600174,0.00751813780611724,0.00754782659255928,-0.0154544477359661,0.0355227033223911,0.00350398781543533,0.00565668349517646,0.0262866359235001,0.571553306124264,0.428446693875736,0,235,0.0519776675604738,1,FN
-0.00338028746936485,-0.00350431959124329,-0.010433840611589,-0.00246453390532828,0.0190005510071338,-0.00677945301291622,0.0140753701254453,-0.0116522061943388,0.050201641577338,0.530219092733201,0.469780907266799,0,236,0.0450629219251368,0,TP
0.000397479155084133,0.00471156346343251,-0.00289772083856499,-0.00222056840019448,0.0353048762542972,-0.00029282405923802,-0.00847228404744206,0.0119765850426029,-0.104896915240584,0.296577623016472,0.703422376983528,0,237,-0.0663898086706063,1,FN
0.00199419846163136,-0.0128475162850417,0.0281923601936183,-0.00298873385603093,0.0369469591667552,4.05160096637366e-05,0.0198550855610839,-0.00534630949830192,0.057746716395297,0.761316452127711,0.238683547872289,0,238,0.123593276148675,0,TP
0.00880291047274434,-0.0117571554826246,0.000159425299948568,0.00842212727434102,0.00456727152737434,0.00285231506572632,0.0135897870464072,0.0361797263833449,0.0644778932335101,0.676886891364825,0.323113108635175,0,239,0.127294300820772,0,TP
-0.017778174184902,0.0202994889833191,-0.0133207493071303,-0.00395873171495412,0.0341922091808104,0.031530877017443,0.0244110148329304,0.000768644755637179,0.0745926277751229,0.737394839373257,0.262605160626743,0,240,0.150737207338277,0,TP
-0.0143239161015952,0.0663497845305248,0.0130403377896154,-0.0174713209098301,-0.00334060411786386,0.0105484019086974,-0.021379837732874,-0.0183576210554317,-0.0371026469357563,0.591225202483833,0.408774797516168,1,241,-0.0220374226245135,0,FP
0.00896571969176406,0.0726161143201235,0.0170233892920652,-0.00373790634467745,-0.00278822273029199,-0.00486099706896839,-0.0176838211591799,-0.0177426565461354,-0.0355231143461517,0.503137872950751,0.496862127049249,1,242,0.0162685051085478,0,FP
0.00356922837736258,-0.0255803350766998,-0.0101461805961595,-0.0175435477244617,-0.0414408854815419,-0.00930115533894917,-0.0314217821976204,-0.0367269012413352,-0.0722947836479097,0.823441643688691,0.17655835631131,1,243,-0.240886342927315,0,FP
0.00063121157227813,0.0443591121056473,0.0106591580643583,0.00623677739412263,0.0198765254282154,-0.00243477640270985,-0.000377736486176962,-0.00031361731752695,-0.0266318367365159,0.453303589753343,0.546696410246658,1,244,0.0520048176216921,0,FP
-0.0146830905186684,0.0685844378338112,0.00486316448915042,-0.00933209904211149,-0.0220984582078776,-0.00869235746638723,-0.0151948977486158,-0.0441763210876025,-0.0576430148987817,0.638621862499189,0.36137813750081,1,245,-0.0983726366470831,0,FP
-0.0289358182237235,0.0592581849790421,0.0121674673874907,0.00685479686032662,-0.0074041757760037,-0.00212373806608655,-0.00988105071249498,0.0285207561108925,-0.0448832918473021,0.455149359497186,0.544850640502815,1,246,0.013573130712141,1,TN
-0.0065160624043465,0.0157859376995059,0.00532523892579682,-0.021602278729888,-0.044832691183636,-0.0154154300834047,-0.0303331231915631,-0.033451137906586,-0.0465753038455051,0.763415254788017,0.236584745211983,1,247,-0.177614850719627,0,FP
0.0329211642642671,-0.0234073940052452,-0.0808549441406958,-0.00203034327505107,-0.0371221025220771,0.019799682344211,-0.0188768181635985,0.0044796682700016,-0.0574021531400898,0.718838216332553,0.281161783667446,1,248,-0.162493240368278,0,FP
0.0555788351888812,-0.00499637628266795,0.0119869931910322,-0.0163294608185025,-0.0194467868267295,0.0249433775892818,-0.00903291905839471,0.0096104391953445,-0.052505953613386,0.495427469268528,0.504572530731471,1,249,-0.000191851435140925,1,TN
0.0442403916564636,-0.034568350775327,0.0147368603419789,-0.00356859488593417,-0.0274077567191707,0.00809018115134024,-0.0315907306191684,-0.0118232345744083,-0.0657852776838161,0.629569613763712,0.370430386236289,1,250,-0.107676512108042,0,FP
-0.00640713678971742,0.0236093267903733,-0.00145571680732287,0.00626686392657767,-0.0384255547442577,0.000588056439992586,-0.0395242862197527,-0.00502446518811075,-0.0532329038850159,0.697902888144779,0.302097111855221,1,251,-0.113605816477234,0,FP
-0.00767060012488313,0.0702312450874442,0.0127367023218684,-0.00672600503723068,-0.0188230457746919,0.0122685064401488,-0.0143380957141504,-0.0438688738024441,-0.0173512292019348,0.523983209064071,0.476016790935928,1,252,-0.0135413958058736,0,FP
-0.0183860577617028,-0.0166545446721388,0.00838698162099244,-0.0136695931477733,-0.0401049093413,0.0099851729355501,0.0445919187411114,-0.0190787378047638,-0.0661164775650236,0.62761157773386,0.37238842226614,1,253,-0.111046246995048,0,FP
-0.00446566099591045,0.0669510370359959,0.00107134899682248,0.00947621502413331,-0.0231261190869216,-0.0225096832544159,-0.00777284224485631,0.00514125227876581,-0.034019047620349,0.530060257722737,0.469939742277263,1,254,-0.00925349986673578,0,FP
-0.0124530053188554,-0.0538058459832816,0.00366880065367133,-0.00614073857077266,-0.0615567660648434,0.00919065092144908,-0.0532840155343894,-0.0312570166090924,-0.0946477686572487,0.845417425622344,0.154582574377656,1,255,-0.300285705163363,0,FP
0.000225347222222222,-0.00136609825528007,-0.00020462962962963,0.000953277777777778,0.0162998322791927,0.00163379158519851,0.0155008249996356,0.00823331913809295,0.0674015491635589,0.00790308981798343,0.992096910182016,1,256,0.108677214280769,1,TN
0.000488888888888889,2.77777777777778e-06,-0.000212000459136823,0.0004125,0.0118479298777821,0.000750199108951815,0.0215440892971667,0.00881143316513933,0.0804954042941786,0.00335172960863569,0.996648270391364,1,257,0.124141221950748,1,TN
-0.000372944727891157,4.43067033976125e-06,2e-04,0.0004125,0.0151862242589261,0.00134246258503401,0.0177406963947348,0.0116758968324244,0.069287055756493,0.00258024927142574,0.997419750728574,1,258,0.115476321770061,1,TN
0,8e-06,3.02469135802469e-05,0.00113888888888889,0.0148331307954311,0.00180261438649534,0.0193981931331455,0.0103592473339351,0.0736127873009626,0.00398659130562616,0.996013408694374,1,259,0.121183108752439,1,TN
-0.00928667673670325,-0.0106146597603535,0.01220036277353,0.00530738401251226,0.00925307555689861,-0.00181804923071157,-0.0197856491760004,-0.00362842325361427,-0.00282967015287903,0.426556097854905,0.573443902145095,1,260,-0.0212023059673211,1,TN
0.000101388888888889,0,2e-04,2e-04,0.0108441239177489,0.00174570068027211,0.0170094162163794,0.00952664125250651,0.0441311981859931,0,1,1,261,0.0837584691417889,1,TN
1.48760330578512e-05,1.38888888888889e-05,0,4e-04,0.0120266521814725,0.00177338888888889,0.0189762342529604,0.00906343956130049,0.0590310180945197,0,1,1,262,0.101299497901089,1,TN
-4.434552154195e-05,-0.00195199975663666,-0.000545497299057364,0.00226047757621567,0.00673739198702132,0.00156505206127446,0.00779835323941331,0.0119979389035688,0.0689048024077094,0.0618520868384405,0.938147913161559,1,263,0.0967221735979669,1,TN
0.000248184555303603,0.000640637356871123,-0.00155961111111111,2.36043083900227e-05,0.00877173734172273,0.00211694766673122,0.0253649645889424,0.00913646895750954,0.0531797250275378,0.0100544451608281,0.989945554839172,1,264,0.0979226586918973,1,TN
-0.000744608440621428,3.38888888888889e-06,0.000601388888888889,8e-04,0.0122228755536191,0.0012232970521542,0.0212575732299807,0.00803902379286578,0.0588514666207009,0.00435853624808687,0.995641463751913,1,265,0.102254405586477,1,TN
0.000864876033057851,-0.000338271604938272,0.000423611111111111,5e-04,0.0028985520167663,-0.0247576701940035,0.0208574027764764,0.0111682688324182,0.0786683466386708,0.0772436550377727,0.922756344962227,1,266,0.0902851156095588,1,TN
0.000214876033057851,0,0.000208000459136823,0.000422137188208617,0.0119513833323963,0.00135522222222222,0.0180013900411557,0.00920318406597411,0.0463934629616616,0.00055005500550055,0.999449944994499,1,267,0.0877496563038132,1,TN
0.000301148658300173,-1.69450183654729e-05,-0.00319609733700643,4e-04,0.0113561030244207,0.00111666666666667,0.0209047495109308,0.00853599344949182,0.0638769064657084,0.00973291547395782,0.990267084526042,1,268,0.103278525420147,1,TN
8e-06,0,1.38888888888889e-06,6e-04,0.00983221007956289,0.0017013252890688,0.0185617686293985,0.0071126890407372,0.0508117126659816,0,1,1,269,0.0886290945936379,1,TN
-7.23153249668401e-05,-0.000503707988980716,0.00157685802469136,0.00023047052154195,0.0118201658652595,0.00168529807766388,0.0203540817817944,0.00344613922491249,0.0473815414878532,0.0200927488790002,0.979907251121,1,270,0.0859185316697692,1,TN
3.125e-06,0,-1.35560146923783e-05,0.000753110651974288,0.0127719639533346,-0.0014239779544049,0.0278705805178668,0.00805206683928545,0.0702663729346651,0.0167188632183267,0.983281136781673,1,271,0.118279685928029,1,TN
8.02222222222222e-05,-2.36111111111111e-05,-0.000841167125803489,0.000805555555555556,0.012232052896258,0.00169666666666667,0.0209429826766948,0.0101087088216217,0.0638234759320165,0.00279932985246995,0.99720067014753,1,272,0.108824886534121,1,TN
0.00021734516886032,0,6.3475665748393e-06,2.7e-05,0.0134173652295476,0.00137134722222222,0.0246114959742238,0.00898669025911559,0.0686277026805365,0.0013212628847808,0.998678737115219,1,273,0.117265294101081,1,TN
0.000562522720245123,-0.00199680819767454,0.000864307967325283,0.00147901656224167,0.0032653993230595,0.00105144930936868,0.027453219092856,0.0102422190126892,0.105827909917303,0.0447668554849406,0.955233144515059,1,274,0.148749235707414,1,TN
0.00221199315953807,-0.00241139521633569,0.00063398982168625,0.00165150337845576,0.0125940750399793,0.00266282001133787,0.0179580636807677,0.00890518127705628,0.0365779510011994,0.0355130934639131,0.964486906536087,1,275,0.0807841821536849,1,TN
0.000467504132231405,2e-04,0.000381832874196511,0.000809637188208617,0.0144982750109839,0.00137251247165533,0.0225896194401238,0.00817168270990674,0.0666950821157358,0.000457467234326738,0.999542532765673,1,276,0.115186145943042,1,TN
0.0276131806893403,0.0293821849056427,-0.00662054685850465,-0.00458093545796035,0.048882286666396,0.00201057153320465,0.0292021586744585,0.0232947604419791,0.0938924378728535,0.797755995018768,0.202244004981231,0,277,0.24307609846741,0,TP
-0.00575003100579074,0.0208824924924362,-0.0027790315609715,-0.00485999640004456,0.030687340618096,0.00461668506675704,-0.069364467365627,0.0103635681050351,0.0439796728933845,0.464573030287696,0.535426969712305,0,278,0.0277762328432751,0,TP
0.024966759717355,0.0197233446821336,0.000597623212385658,-0.000997798615145477,0.0481673072140702,-0.0238816560968893,0.0299849801563876,0.029879953257581,0.0727500521622637,0.749285758524889,0.250714241475111,0,279,0.201190565690142,0,TP
-0.00466119874976314,-0.00207268529346235,0.0108394872235549,-0.0148513618388586,0.0165423318122474,0.00464595066413465,0.00791690700162832,0.00840679371404209,0.0305125218136841,0.589303150224419,0.410696849775581,0,280,0.0572787463472074,0,TP
-0.00162546447571989,-0.0110672651411039,0.0153082109723289,-0.0171721661528707,0.0215465332192259,0.000886916340533765,0.0301553185527195,0.00852459637058068,0.0477673284171336,0.692546248556798,0.307453751443202,0,281,0.0943240081028279,0,TP
-0.00283368582938226,0.00441427022102076,-0.00319498242760526,0.000748657537287949,0.0261087131665032,0.00507450348074644,0.0193430228457009,0.0329934533747077,0.0661588118822215,0.70372581022581,0.29627418977419,0,282,0.148812764251201,0,TP
0.00487219873570794,0.0315072416774944,-0.00446059669124766,0.00467017705034263,0.0316132686572486,-0.00101761158820737,0.0339935997326387,0.0118297620005455,0.0505926545037054,0.781774355603111,0.218225644396888,0,283,0.163600694078228,0,TP
0.000120148190053493,0.0437519557440515,0.0141532597985628,-0.000549007400067465,0.0378125757731926,0.00992514874757678,0.0289936305689861,0.0125431339575928,0.104171837892947,0.832111222715798,0.167888777284202,0,284,0.250922683272896,0,TP
-0.0728454697623004,-0.00419093811231257,-0.000500123460694348,0.000596060179198707,0.00202444343715448,0.00167028943813522,0.0180894819546735,0.0266386612489042,0.0285299726475224,0.483392723239885,0.516607276760115,0,285,1.23775702812432e-05,1,FN
-0.0120986731075963,-0.122213063778894,-0.0173280289178114,-0.0108280312023034,-0.0244403344218312,-0.00603084230237856,-0.0101227956539212,-0.0190813538432667,-0.00623416047873083,0.250258314126539,0.749741685873461,0,286,-0.228377283706733,1,FN
0.0183224671017014,0.0279965286642971,-0.00224076842924191,0.00605188298830398,0.0317001274648672,0.0140777118755063,0.0420588474187349,0.00915944969718833,0.071677540337148,0.797884416134282,0.20211558386572,0,287,0.218803787118505,0,TP
0.0282431147243409,-0.0987283054753888,-0.020966099967673,0.000684310787216631,-0.00131783604130357,-0.00942477111040314,0.00494887994665268,0.0255211794012065,0.0297764067590458,0.481265444563317,0.518734555436683,0,288,-0.041263120976306,0,TP
-0.0108140783317612,-0.00679139951540763,0.00450382166620857,0.000855055890277752,0.0246527647069541,-0.0150881373730086,0.0181970319571202,0.0162223374811816,0.0525985316260419,0.64677925977926,0.35322074022074,0,289,0.0843359281076067,0,TP
0.00606353993527316,-0.032431395601032,0.00455863764318093,0.000413076017597121,0.0243898327617548,-0.00180341580461386,0.0153013649684851,-0.0310373367177756,0.0694681224278968,0.572984906299944,0.427015093700055,0,290,0.0549224256307665,0,TP
0.00171380951053516,-0.0979041641981555,-0.00410327642873801,0.0347660897719204,-0.00292208666676037,-0.0185747169726017,0.0011077696801555,0.021180775572932,0.0508728977184232,0.476535681382759,0.523464318617241,0,291,-0.0138629020122894,0,TP
0.016248655705686,0.0165302307761182,-0.0126301326239097,1.99689811951717e-05,0.0375998852400005,-0.0269893844078801,0.02571533383854,0.0243698462308094,0.0793250073178185,0.647060760167556,0.352939239832443,0,292,0.160189411058378,0,TP
-0.00732578832126668,0.00230070362926315,0.00754497499708485,0.00340705437804139,-0.0137388019644497,0.00142640710105591,0.0348647091633715,0.00208956980597565,0.04706994319275,0.598306126827647,0.401693873172353,0,293,0.0776387719818261,0,TP
0.00902293137023711,0.0225296508896947,-0.00262837973061891,-0.00594313551329623,0.0500921968582964,0.00629939425251276,0.0208722170069589,0.0186975182379349,0.0808406382642129,0.782695929101158,0.217304070898842,0,294,0.199783031635933,0,TP
0.0105092928584963,0.0328021979775075,-0.0134910713070199,0.00614905048604994,0.0418928689088889,0.0070358105862792,0.0164646853824787,-0.0174724305519116,0.113773089580093,0.748357537746028,0.251642462253973,0,295,0.197663493920862,0,TP
0.00208111680112817,-0.068772499781884,-0.00804472094423934,-0.00305414189592274,0.00426565232983306,0.0686126693147721,0.00439165269787131,-0.00326443226951019,0.0352311259778781,0.52332254012005,0.47667745987995,0,296,0.0314464222299266,1,FN
-0.0267343598333885,-0.0329227278539362,-0.00971873718893741,0.00514515374186099,0.00296273785525842,0.0536904743362298,0.0127744366721742,0.0105777987239432,0.0576077206659983,0.54253156615733,0.45746843384267,0,297,0.0733824971192027,1,FN
0.0114479686168009,0.034356938781757,-0.00393900706898921,0.00255563992611125,0.0322509009672586,-0.0192187693355426,0.0325618144241321,-0.00605763749950546,0.0659595026306666,0.704466381966383,0.295533618033618,0,298,0.149917351442689,0,TP
0.00574608947337735,-0.00160325942011332,-0.0227272412134122,0.0134978408705692,0.0129811988843288,0.000848713189407995,0.00613546531460763,0.00172415635378731,0.0690710164198676,0.707494833575167,0.292505166424834,0,299,0.0856739798724204,0,TP
0.00789495121593174,0.0209569314910078,-0.00873427529260862,0.0100801961362751,0.0352467535343645,0.0126275703851023,-0.0152408987035892,0.0126370439285142,0.111359166293943,0.721258536721899,0.278741463278101,0,300,0.186827438988941,0,TP
