intvar3,var35,var64,intvar8,mainvar1,mainvar2,mainvar4,mainvar8,mainvar9,class,pred
-0.337544498690191,-0.326385666189441,0.378953308741855,0.42934330128296,1.35699616271105,1.27493878851563,0.120377607956568,3.11306447075295,-0.137812456186399,1,0
0.640893094238918,-1.39475796048397,-0.41745595896598,-0.0167523642967923,-0.877951737790215,0.271972939750844,-0.769228154870836,-1.28918249490582,0.480906264239531,1,1
-1.70476423933597,-1.01426898617866,-0.436300089716628,-0.547367779090651,-0.833556899669584,-0.558461454453039,1.04121284911743,-1.00747208759661,0.440911896326142,1,1
-1.34383245452682,-1.18665321198188,-0.593307738533573,-0.309629393291141,0.446396683921038,-0.200592907369116,3.03555340698884,-1.65629298043021,0.244195033084549,1,1
-0.980709135295125,2.1324711936187,-0.945582110987062,-0.775519078299234,-1.04558259004913,0.912953875090377,-1.49245565300572,0.365254769112998,-0.560523016618894,1,0
0.801877105585822,-1.80896601185775,0.232714415721015,0.5516023084234,1.10514070423462,-0.203740436996661,-0.213071535778229,-0.681697705812409,0.0164371403427619,1,0
0.304034405402118,-0.542913520615486,-0.56908765767848,-0.236137180524204,-0.814579244564344,-0.719240164749983,0.904098816326897,-1.17837843965354,1.21676499920022,1,0
2.33384802932623,0.256271821682535,-0.558143207833897,-0.0522251924199377,-0.920023380023803,0.0979269298534049,0.0544964667814718,-0.638554808038091,-0.145884321407252,1,0
-0.145983977938588,0.986756794565248,-1.94204053256231,0.352566937765759,0.631404543943331,-0.628173651099649,0.659018064081387,-0.114117809598688,-0.59983876393106,1,0
0.391192903083391,0.411183900901057,-0.521108423055022,0.610190146143376,0.898630216308982,0.9847026009339,-1.39360482095791,-0.0902860877751429,-0.535473730898935,1,0
1.41000576394965,-1.2070724917759,0.752807200014549,-0.390858489320337,0.60422292733421,-1.87116115299299,0.26353756668332,0.789625791334258,0.918558032108616,1,0
0.167326425192462,1.6298950717998,0.0418192157301085,0.668105478255758,0.502774231861325,-1.02784178849656,0.96230648320598,-0.108016127346277,0.113273621767958,1,0
-0.0840692530668856,-0.397132403318194,0.90842625160399,0.655588038913143,0.0250619655741583,0.138946557182473,0.348831097620076,-0.917861564477761,-0.459751332682448,1,0
0.446995862217639,-1.04844478712347,-2.18753067687066,1.91037623358117,-0.311621962896614,0.399838728714426,-0.552150792623456,-0.560669992047979,0.244278803087299,1,0
0.867897926698891,0.506127670181458,-1.16922520928052,-0.352838496863509,-0.830525980388508,-1.22140001829852,0.501841087964651,-0.186622585115259,1.78366271575844,1,0
-0.530990409950454,-1.78635063901725,-1.27065997904687,-0.668684915584922,1.08192785541315,0.563268871822067,1.19128724804806,0.0701205933867447,0.807673096366816,1,0
-0.339662779755159,0.425788542622301,0.177164995711192,0.556001907084354,0.246635931105046,-0.276443800846659,-1.66043129605522,0.172791826602822,-0.00262002237051362,1,0
-0.564279947750871,1.12395574884786,0.661178290787391,-0.425622530442211,-0.238418525916262,-0.268943695284366,-0.290441340280293,1.09059222663731,-0.437666394179463,1,0
0.0870377769984892,0.933464779266111,0.614080393890437,-0.215532947606788,-0.511184345756837,-0.17830433384149,-0.458938447982484,-1.23361671672635,1.42596858050629,1,0
1.27371740500002,1.65141861416995,0.859485765470066,0.914956051804217,1.96034367400686,-0.91665846493652,-0.789002061517776,0.572271344151552,0.700549440007494,1,0
-1.99666860373366,-0.330076242650756,-0.550085033736011,0.132951569890928,1.55288602972845,0.655463181643953,0.574930146260851,0.884491655679255,-0.872561178101423,1,1
-2.1356057881607,-0.147216874787619,1.0985940995142,1.64511829535468,1.53081059510694,1.34081743087283,0.648220718106079,-0.29411416948355,0.878736740677163,1,0
-0.430016719420779,-2.17723156150464,1.46188097719701,-0.665395409821069,-0.484962798703954,0.544570721021898,-0.191746659295213,-0.521350060161631,1.66458247276548,1,0
-2.31482227173447,-0.159392484532501,-1.85515838521703,0.582503081418346,-0.753541196797649,1.79602957725597,1.78215266062769,-1.36148870642027,-1.09897961540535,1,1
-0.280096862431183,-0.756601548567098,0.190471083952228,-0.278006756381992,0.874039292504388,0.0127111143191623,-0.990082722794719,-0.469758647583515,-0.862997977110852,1,0
0.789652127448567,-0.330408039274587,-0.0180390306776871,0.313098382531812,-1.21604860008917,1.4188423027242,0.528375869159792,-0.717287330695758,0.00144205643654976,1,0
-0.125479442052386,-1.25962923205299,0.428244590672238,-2.50464011518458,0.492506519490334,-0.029831598824139,0.471335704728442,-0.952256629959532,0.0412543945215213,1,0
-0.760720468040247,-0.859860068702298,0.279659681060968,-0.923303601938918,-0.340290537485231,0.258789914210011,-0.404309946817201,-0.838590212192832,1.62013717391959,1,1
-2.11370097129474,1.89408398493426,0.0429833868324665,1.46936753655283,0.26692331320308,0.892016264533579,-0.279154430985965,0.193001796172952,-0.301775070660238,1,0
1.51444859817262,0.39006732076144,1.00427108546766,0.711597556623534,0.423326021643715,-0.647135300575356,-1.04144754248365,-1.382096570464,-2.09121200589751,1,0
-0.0903437389343665,1.74789928232615,2.425884057054,-0.722915912612921,2.4102406080856,-0.359343086871904,0.395583670787486,-0.792221293264118,1.14949420807039,1,0
-0.59436382383522,-2.79018447391915,-0.0617064183441556,-0.0508886270667206,-0.789537893619612,0.0196119679969323,1.24838976600747,1.57743568495145,2.74019017186474,1,1
-2.58409895752593,-0.118620381831731,0.855858908547906,-2.54238312994622,0.101582873992486,1.53172230095214,0.102444383243695,-0.432448852812972,-0.562577018763131,1,1
-0.0436248498928404,-0.603084783581428,-1.49267707589289,-0.388187511243313,-0.392067993449128,-0.482687692960412,0.831338086977927,-0.0953965504468075,0.421985826319202,1,0
1.05939516224858,1.50142613452214,-0.179916553839599,-0.687794426775814,2.40093873229885,-0.332742160566168,-0.26953944991323,-1.10070001457211,-2.63850343535027,1,1
0.0216402898183976,-0.816107084356702,-0.469909837380175,2.58796297626163,-1.52111415696989,-0.537111767878552,-0.106648855127035,-1.54656750792769,-0.823851196884967,1,0
-0.895109040405857,0.0455695818267872,0.646220826095421,2.98505607753531,0.134575690099786,1.03789592628463,0.11213877524361,0.401226558984006,-1.27037647102918,1,0
0.622487010681427,-2.52740618747451,-1.47889877923935,0.857215012418815,0.0401805302232138,0.419655367110741,-0.0285618435837834,0.628363535607461,-0.860719372583751,1,0
0.170853520215534,-1.79738381710118,-1.22730678043054,-0.13015378078937,-1.19872413503224,1.48716597623307,2.27367591641475,1.29366971693335,0.595051291970349,1,0
2.26374765729356,-0.510739333019258,0.0935246233794905,0.521008359322354,1.8890177903833,-1.13972978570264,0.5771446526178,-0.639947601502084,-0.961456062791941,1,0
-0.920034752368404,0.535569393521797,0.923537578259396,-2.1056943172793,-0.0541174973608367,0.208902575479339,1.66558922503042,2.03429513830446,0.772612406543718,1,0
0.926049640603438,-0.0241958850474226,-0.122268534880888,-1.0521617232012,0.29901054755608,0.587899185956137,0.879802037508276,-0.190650203044036,-1.83986047073132,1,0
-0.00829130247419774,0.928102679031456,-1.84768572040784,0.0545301144401697,-0.0131547875374098,-3.03313721134779,-0.577439242007034,-0.0551675028944864,-2.28301879919061,1,1
-1.40371420864505,-2.21925507307772,0.567897014792286,0.174731306290956,-1.85804789959057,-1.96785194675357,-3.23167096529887,-0.22292055129816,-0.0649038026082412,1,0
0.101155337683836,-0.797734168304721,-0.163896577669446,-0.486657471421977,0.147160780061338,-0.274880147342813,1.16627677451241,0.630897264442201,0.755384783171368,1,0
0.418243986044741,-0.0553473979209756,-0.324357359698324,-0.223141658682675,3.37359693885871,1.26000009157402,-2.57246926469313,-2.46343734373048,-4.05528785535861,1,1
-0.162393405723246,-0.292941218172319,-1.15038892374546,0.207786331289029,3.50766515163215,1.39339930923418,-1.73724826666867,-2.04543599761365,-3.24081130057289,1,1
-0.31834947312479,1.42989804685086,-0.114665339264238,0.913336439970828,3.11217374259599,2.08371283320533,-1.48545466538383,-3.22948657409617,-5.71258849743754,1,1
1.63937418162375,-0.946395973951817,-0.324036194907427,-0.946935960545008,0.961888194126292,3.34852805939899,-2.61901630425021,-1.88655019329234,-4.19276812373515,1,1
0.0509957931180675,1.12044977398886,-0.503202960861665,0.233296649716971,1.56020614489696,1.42444393662974,-2.43758941511632,-1.63766881705189,-3.15405825895665,1,1
-0.86515813573965,-0.952418157511513,0.143761891780322,-0.762955504820084,0.873793454803208,1.92453477376794,-2.52352607579956,-1.42412180316148,-3.66577912004092,1,1
0.940470880410743,-1.6166000007519,-0.633470228333707,0.388442917478118,0.703508784685337,4.6483573226219,-1.40467783388922,-2.99509404972541,-4.30342796483738,1,1
-0.164385657144822,-0.480345168063456,-0.987006878534085,0.735960475020718,2.69855012085301,1.72403674901042,-1.06202558847901,-1.37705299400793,-2.23739924352159,1,1
-0.490821844986669,0.190016383864031,0.554012987268079,-0.553168828953536,2.66678629568976,0.838349532111088,-1.96697536226721,-3.90826916467792,-3.02386069221291,1,1
-1.48584794469073,-0.103122328977972,0.498814272581911,2.00968381505368,1.84639981790198,1.00420465651289,-0.607169882681873,-2.7775263223966,-1.56982261948897,1,1
0.516390906431312,-0.662091169014139,0.494377901552451,-1.47742232048914,1.41807229162058,3.01039315459921,-2.98875545905864,-2.40478846478496,-3.08427080248279,1,1
0.576406874422716,0.238928717189318,1.06108666523076,1.37650885303697,2.25038522810256,1.0787374317911,-1.67444811679012,-2.53883147844649,-3.69055167548307,1,1
-0.0619523026968775,0.124696688718855,-0.379242138021413,-1.20249245752535,3.18468234962942,1.54589000194077,-2.29974513145645,-1.76329972778244,-3.62182869209275,1,1
0.62429644287664,-0.340845968630679,0.490185015156296,0.990623879411583,1.10072970055439,1.1253176901852,-2.14003478439321,-0.451155815389719,-5.28457686977457,1,1
-1.04874215263955,-0.849368640969642,-0.228488727470293,-1.79922988509293,3.03885473141416,1.2391673766286,-1.14886958126078,-2.34549412350063,-4.10449069089691,1,1
-0.336800362494786,-0.346178779478933,0.553896310378965,-0.127588298477066,3.325865243497,1.29128171681274,-2.15535934203616,-2.70700370648528,-3.03452040473943,1,1
0.160124827811519,-1.51179419149882,-0.450210248974976,-0.649563671376399,1.80632338706371,1.20954303951287,-1.4783244127057,-3.79531612135702,-3.0174119660799,1,1
0.184055187712066,-0.361466515609952,-0.521254621831407,1.50456057078124,4.47412013805087,1.14010900852082,-0.607078477298308,-1.18287172035607,-3.59647432331105,1,1
0.393231487712973,-1.05456399308955,0.871202003825323,0.193026329657664,1.79210111632012,0.0657769334432679,-3.40859697297337,-1.7320239839079,-5.18687516333324,1,1
-0.303013950518932,-0.0506813902993044,-0.360287201964091,-0.996799900984573,2.17313494622732,1.76032362414682,-2.81363286375837,-1.41777660497618,-3.75891428307032,1,1
0.601674364797197,-0.453365132706575,1.76761138443962,0.285005305044702,2.41457197694687,1.40142566285252,-2.74264524231985,-0.816629568051829,-3.11779444408165,1,1
-1.77590197240703,-1.75157674368134,-0.0249094914649694,-1.05601227803728,0.523774081607085,1.02507819540971,-1.7918151711646,-2.31819552254933,-3.49184001884324,1,1
0.76203649707872,-1.0594251504224,-0.907931687115717,0.815680410417477,1.95959390646986,-0.198020132845996,-0.177791675680457,-2.47327593243024,-3.26098264655949,1,1
-0.180396052889165,0.525803046335349,-1.31018556865467,-0.38449168945006,2.61820067444692,0.237529302343705,-0.331969078874296,-2.58996294098437,-5.40570536812672,1,1
1.41622671479565,0.761041208829259,-0.191581734589585,0.225300911427798,2.02792676545846,0.353932134026355,-2.1454833768748,-0.943450280655627,-3.96860853549855,1,1
0.374266564758132,-2.0274569225565,-0.524426159426379,0.450968244257099,3.241998080788,1.19645403600256,-3.25225243858639,0.446243793831538,-3.45030549631716,1,1
0.618353157231125,-1.76235220181208,0.0325747548562772,0.757351153344618,4.40237567220832,-0.178766660142185,-2.85921938334808,-2.22093954458255,-3.87198502612213,1,1
-0.0688043870753506,0.47340877192733,-0.145853627590082,0.902386343339881,2.43596704307228,1.65313479121902,-3.21064328877073,-3.91454829005234,-3.46629072227217,1,1
1.16117242381618,0.342263509803771,-0.750310694077497,0.900211186428422,3.51286808490445,1.52113210987694,-2.96118106227812,-2.03553194709062,-6.29179837756605,1,1
1.53518941095414,-0.422240020904413,-0.40326232036266,-0.339909723670237,2.42086867095799,0.518765403419625,-2.97876822753568,-4.58169910981358,-4.25662078887375,1,1
-0.0933239767677198,-0.39927134716558,1.46513214784644,0.489953146166678,2.78046874227233,3.60141125778781,-3.54593392952593,-0.54244916911411,-3.02585718670726,1,1
-0.325973147583506,-0.712489490335941,0.146938396557327,-1.19656754811865,3.21303959068186,2.0825659580348,-3.44457355437658,-2.89690713170318,-3.44527594053945,1,1
-0.681337629590096,1.14417562010244,-0.238838796400338,0.952746725708712,2.31727147684773,2.22888003085077,-3.11618462476463,-1.43924950442961,-4.02138788950406,1,1
-1.1307641175259,-0.415433921847426,-1.48924406812383,-0.117058706399437,3.73025598916688,1.0798739220251,-1.76136609838645,-0.704804454218402,-4.02648129739535,1,1
2.42804532348147,0.413694999943761,0.429060530559445,0.524919523875938,2.47300476511088,-0.100927883727379,-0.513404582646837,-3.06759144787182,-3.85829588235884,1,1
1.46090007258497,-0.283292448081985,2.44215872169627,-0.226568978530252,2.42148352899307,2.71055159876338,-0.153583785126991,-2.77991145543546,-2.4730757329201,1,1
0.21210949741025,-0.633784540943453,-0.064302930326451,-2.35392403218516,2.65608429106428,1.2556361406908,-3.59078771223555,-0.96104151004492,-4.35577868741545,1,1
1.72749973619156,-0.621693095749535,-1.08314380492243,-0.0210687753364995,1.85597392846488,0.00173050507373531,-1.14928443171868,-1.65319538911999,-3.88580656897832,1,1
0.2037804119219,2.08920305171402,-0.480063388105445,-0.715422529626499,2.03767207109264,1.05241591000895,-2.63186318338434,-2.26195883506398,-4.24751392181737,1,1
2.09436435631856,0.303468127975128,-0.0427576119995305,-1.06351786894844,2.31877383770543,1.99571203047405,-3.15898736544852,-1.69606033338064,-3.39271636522943,1,1
-1.04852768406998,0.924414631054332,0.0429838030544186,1.79608505774431,3.93589779273308,0.563857445132457,-4.15508506824117,-3.34118175563003,-3.16105231453366,1,1
0.104444949438488,-0.941739808241857,0.421057771943093,-2.46039367535715,2.90607547463676,2.0297116416832,-2.62794194531023,-1.42464200190964,-5.00293165918776,1,1
-0.230782037200216,-0.126077004914223,-0.236956769075258,-0.155617509084779,2.73674715281894,1.76901582373213,-2.14342076248973,-1.74922609158443,-3.28977814961129,1,1
-1.26787278476735,0.0661246170086038,-0.344125474436372,0.243629751585079,0.988647322437411,0.927709395257451,-2.16416458740209,-1.83434085163319,-4.54712199490451,1,1
0.36515135956786,-0.280317440392734,2.14002476645178,0.00525783837604858,2.17656485031626,1.19239249085507,-1.77509126828154,-0.627415421741555,-4.1900543105708,1,1
0.934797738165793,1.09811167245745,1.27532074653127,1.286601026786,3.63707626560227,1.73122552168075,-1.54077128043298,-0.889077869837076,-3.63725200181271,1,1
-0.458040681932904,-0.204021716810361,-0.646150087292972,0.339519350665024,3.83291889334886,-0.0631976516152164,-2.72394229147007,-1.71200107045019,-4.60576741450236,1,1
-1.08486110538677,0.442394010353363,1.57144036586709,-0.139944674870581,2.58435782856874,2.53640221671184,-1.85745827487825,-2.1669497120426,-3.77334439563215,1,1
-0.363861801163257,0.269592620144179,0.583949190792736,0.425068444339305,1.27565763269925,1.26167270881378,-2.47516321977561,-2.299861592078,-2.82886352825737,1,1
0.755517376834192,-1.03614016381751,-0.244780460923131,-0.311659140627842,3.70863546383113,1.30693496366013,-2.47587978614752,-3.73923212806994,-4.68675870984983,1,1
0.189939081026285,-0.645118322483726,0.51511605306865,-0.108555575163291,0.770950457692197,0.963135418076689,-0.680715567331249,-2.06198957735638,-2.52194423898391,1,1
-1.37651540615036,0.170662083569397,-0.856888401649386,-0.594477691893954,2.75779578614939,1.90745554098689,-2.29154552316201,-2.80029013408029,-2.34246256732643,1,1
0.243898878053254,0.511962048753561,0.599845021291614,1.30195588091795,3.48986366094249,-0.179624480445886,-2.94820811844566,-2.52336939721366,-3.25385310783332,1,1
-0.832625638666541,-0.0100132422483836,-1.76720377173394,-0.688946561846033,3.41546097314692,0.70981875190765,-4.35585366942768,-3.92614624064589,-4.06698534956673,1,1
0.130528451503524,0.658492739571656,-0.656116195065986,1.89898633393338,1.74377172069729,-0.521279259105675,-1.54648592409716,0.0225272944243447,-3.3859520710134,1,1
-0.843373641413697,2.32716036296159,2.2705582632059,1.52709672144349,2.11277145473326,1.78743839320157,-3.84307168294074,-2.79426711654334,-3.62900031323819,1,1
0.0660699275479587,0.0589740838068776,0.0532921235934343,-1.15228518699162,3.74467779099501,0.536557004947317,-2.32317913788698,-3.29811834642394,-4.61433337735394,1,1
-0.155953577158975,-0.163098938665307,-0.528098431991777,0.280703310310454,2.21278604031919,0.81329765818049,-1.44147827017186,-3.652792090784,-3.85297869400992,1,1
0.278771869789076,1.49341093961474,-0.343306384715199,-2.31605794266201,1.6232608611825,1.66262704444893,-3.62958091862578,-3.82514422804278,-0.842016024365805,1,1
0.815024322190125,0.303602922638248,-1.54795360220168,-0.0113489093256165,2.79236624926674,-0.289092024463396,-2.8805203485566,-1.01798933094943,-4.4405821425941,1,1
-1.63394125482613,1.04733730009562,-1.1018420286903,0.0903307918286842,1.973164011277,1.05268773041462,-1.37233739645323,-3.3879258323736,-5.152280184112,1,1
-0.340902828448536,-0.936010052947249,1.91646492074308,0.446341372092522,3.1410550619446,2.44920789596988,-1.11080960558336,-1.70648837478392,-5.18684740735541,1,1
-0.18706512380966,-1.61365017830199,-1.19827661071736,-0.465006262286342,1.84696775155305,2.37466333803669,-3.88554067439037,-1.46779001167089,-4.24928731110321,1,1
0.81812091924628,0.0739353814900163,0.813434301548937,0.650120325980039,2.58889773195138,4.05461516593071,-2.21721962627679,-2.59165990720753,-4.06568311603476,1,1
-0.0724330539316989,1.14445286893832,1.29557868610013,-1.42465827623186,1.2020050625899,1.02844220452038,-2.5874231349148,-1.70923853098328,-2.72635394393881,1,1
-0.0272453065289221,-0.230031908599411,0.235687534996369,0.393072336501786,0.651138672001633,2.19615453964716,-4.11042811094036,-2.9128304419417,-3.96216231106904,1,1
-0.253288411126723,0.577900561830169,-0.667472391895475,-0.191930556129285,1.73356823590683,1.01746627051111,-2.33840221375528,-0.906845342864294,-4.25697363764691,1,1
0.770633085703817,0.0897210290818166,0.983532033092378,0.973636991735089,1.18273336849627,0.187513568548635,-2.61449094786239,-3.71122424252937,-3.99512319521718,1,1
-1.9451666442399,0.0205061224616899,-0.518506586433839,1.30258064580459,2.45067312035731,0.500558625628097,-2.1675367141861,-2.31141792397483,-3.92464367447326,1,1
1.45428944002922,-0.721140953259368,-0.102720491337743,-1.18866597620204,2.984168638334,1.70231757990265,-1.40495534566753,-1.9852359124282,-4.33954601056949,1,1
1.94020549769438,-0.00594002167615873,0.741112163195689,-0.122358216015555,3.05554858320194,0.29193950125975,-2.08357644494142,-1.52025426502014,-3.92987402791985,1,1
1.47971083862127,0.425133335174508,0.853069039124968,0.354350967969923,2.85742090527336,0.0646111316503335,-1.0642396178882,-2.30530060337633,-3.70076632934648,1,1
-0.321930623116548,1.53553012101419,0.0367195952176157,1.38684862385045,3.47766154033361,2.5114138654817,-3.42112371874347,-2.63140608947361,-4.79987736958408,1,1
-0.014731089248945,1.38692452945153,-0.121509922000102,0.674469841673134,1.24699529114933,-0.195706028813888,-1.87746763015537,-1.00052977839381,-2.20272754407234,1,1
0.159521001467207,2.0931300796319,1.34917347493674,1.12331335164819,0.752032852978462,0.81778030390451,-1.47210899573331,-1.2414435726158,-3.30492900379406,1,1
-0.263861538453335,-0.775999036577744,-0.340616304483972,-0.70228372252475,3.14043163660193,0.801547087844932,-2.38256388471293,-1.9576317448106,-3.09306305674254,1,1
-0.966234951225257,0.547343888514904,1.27563120834397,1.27772407542192,1.93361123975792,-0.971007875949086,-1.97708030498419,-3.90272313081565,-4.58849209276282,1,1
1.18867055409855,1.16470581814243,-0.564792512969269,0.176392065169477,3.67407537936405,0.507443473552409,-1.77545057934301,-3.29873934072118,-3.00750122177707,1,1
-0.561084772056936,0.196165358382696,0.68639015005784,0.053961976968839,2.10651921747652,0.543911718735937,-1.84917698552603,-1.45359553132102,-3.77069435559701,1,1
-1.31345884381922,0.319785957618384,-0.401637876085586,0.941080216920456,0.68293217681998,1.60010091405942,-1.27818464333183,-2.92617853006516,-4.68128880639551,1,1
-1.80834884152964,-0.351471120149287,1.18143660442545,0.544377527233998,1.57946523147029,1.67885319971432,-1.39582341513329,-1.70192530266399,-2.70320590963487,1,1
-0.133133216033294,1.03699994508157,-0.453376608355674,0.403692840039626,1.64795147699532,2.96562764142772,-3.67940737842584,-1.42120876417853,-4.28880863658427,1,1
-1.11043697355591,-0.184791762524328,0.417812140187714,-0.392985707699367,1.43980593692347,2.32911738697387,-2.4500870930513,-3.60797266871147,-3.58134632981886,1,1
-0.158277314581399,0.417171564805206,1.25209174356995,-0.337801715874965,2.1260400132369,0.294057118760198,-2.88684042596179,-0.772890184118388,-4.53690263844183,1,1
-0.713483065839331,1.23947038769329,-1.81368742726916,-2.41261800183769,1.80260232446621,1.61280548343878,-2.41151363902333,-4.433331210711,-3.53392749926286,1,1
-0.887393780920555,-1.05856674504967,0.755474322145616,0.749516992118258,2.5353613470675,0.686011880179208,-1.94052756542002,-2.5932593970747,-6.19299280251145,1,1
0.87700088162154,0.25051046242155,0.0061860403983243,0.51571426352596,2.95756925185819,3.33333304368546,-2.46002724595894,-2.20135903389115,-2.88561445362606,1,1
0.999728848442018,1.1935133769595,-0.848553778917278,-0.20572899004877,2.36354454276311,-0.477147627856224,-1.92385266568379,-2.5433084244846,-5.23755985747363,1,1
-1.13316807924478,0.394655809124994,0.147481073314927,-1.35542347856267,2.31952470768214,0.917265463888826,-2.99717451187406,-2.63806876889652,-4.61262628140164,1,1
0.398994102915793,-0.194703892299131,0.589054115940029,-0.39487186139885,0.804964986542614,-0.235558882651657,-2.33450737072951,-0.370208986675615,-4.12772766794799,1,1
1.16640790206324,0.0510712711642853,0.028043125065578,-0.0130736787185522,2.47010685715103,0.732154610944326,-0.906055927321022,-2.11462110199745,-3.83413888077001,1,1
1.23775065489929,-0.44592635195816,0.509914763235292,-0.937784608820642,4.81795385900003,1.7848863849121,-3.35999861230043,-1.5897945491945,-3.25711227058072,1,1
-0.385239499924859,-0.942929195145514,-0.314289859073508,-1.39100000917386,1.98981636528356,0.496501272939794,-2.43392209611421,-2.36964925773373,-5.85139420852258,1,1
-1.0785192217946,0.581953996177982,0.211747987169082,-1.25962637707128,1.13032366906535,1.09685979013269,-3.1849287544057,-1.98764079921932,-1.61194528706633,1,1
-0.115776579138133,1.01995094038046,1.4895124954398,0.172828750285592,0.924996021315769,1.18945981665596,-1.74909605631143,-2.58166496400802,-6.06389213846305,1,1
-1.18075588249812,-0.655732416105422,-0.986120977328886,0.891516290690418,2.75332676909244,1.23501983630512,-3.15308469572543,-3.1394356033969,-4.43964593294782,1,1
-2.02693792658074,0.0601054017407634,0.0277269974985841,-0.163647314346803,2.06601926556325,1.51393361517785,-2.13060113959604,-3.63216204968004,-3.23224737306569,1,1
-0.0927997547558588,-0.946333285760337,0.0738984727611658,0.480225132259296,1.49010214314801,1.4766600102038,-1.65794648463608,-2.67982494336605,-3.30340328321267,1,1
-0.843915110196264,1.36184419773204,1.13414816465784,0.286056293823856,3.63413092666722,0.466167927047287,-1.52524911867643,-1.95316617914469,-4.29151203265197,1,1
1.30821803518482,0.450148639492531,1.38303401514423,1.02378008236604,1.07676048934049,-0.46625155564754,-0.00840403059329459,-1.44277347380339,0.307634077047145,0,0
-0.760045139880631,-0.767587967253784,0.748721416634267,-1.67727185825379,1.75240465656127,-1.1855842622805,-0.29812187923266,0.8175511901593,-1.35240933314255,0,0
-0.72684569023452,0.588266569185068,1.29162246159177,-0.31040854906221,-0.688271810625841,0.780230422994447,-0.574169214364997,-0.131673062486108,0.531075556178584,0,0
-1.76469621737779,0.633021043783343,-0.750106593252643,-0.614299595668726,1.69148959891545,0.952757384115289,0.916862765685313,-1.22203019021186,0.561613010397586,0,1
-0.22978156907616,-1.3649284477031,0.0824039378799377,0.423394988870453,1.32288944497523,-1.10544108022622,0.834073763702806,0.317666950145873,-0.226745616335923,0,0
-0.235301854299404,0.064994169663114,1.28099868131857,0.929278578554014,0.998098831846777,-0.0472189985278705,-0.907289480995491,-0.269120770421824,1.18171990663046,0,0
-1.11680005986434,0.0840229586373499,1.25359705602543,0.657870011547134,-0.829164256179298,0.651635654225226,0.140640852611412,-0.0234939524257371,-0.606823351080202,0,0
-2.19552588390623,1.56962173845021,1.85194009528757,-1.05242607708592,1.36550553354359,-0.700325513344259,0.264414693686775,-1.31823047074623,0.300885562240459,0,0
1.56161272426732,0.248999143838334,-0.345993478651715,0.146045172141596,-0.116372980355582,0.280973475575301,2.04316227306537,-0.471177995274034,2.32627636563277,0,0
-0.0673302305961105,-0.326486996520505,0.713439274466859,1.9043965936995,-0.950690473082874,0.889514778451166,-0.719014589972302,0.185122126835149,1.60932368581099,0,0
1.97655134056749,1.43646290713852,2.30541581123979,-1.2302477042775,-0.0213916108807442,0.444261455147428,-1.28675046076462,0.549185310966394,-0.341003935301939,0,0
0.448923458702513,-0.313625250944579,1.29741559321545,0.372835841001081,-0.778442373857386,-0.518208134789637,0.870907746378172,-0.404953320876981,-0.377395927173611,0,0
-0.430274760398741,1.46723207943663,0.111311538078147,-0.515330027775794,-0.789372003483679,0.821570128213246,0.793198179161541,-0.325143586127562,-0.203004168228673,0,0
1.65315520195779,-1.2758585550227,-0.300879570384675,0.284454293078155,-0.737107155357189,-1.34357421489489,0.516887199436697,2.36248620458568,-0.19832927646776,0,0
-0.376635970503882,0.320623394768203,0.946090149760284,1.49105959380269,1.21381647052279,-0.0569791805770124,0.374362686184381,1.03275456139092,1.509926438966,0,0
-0.101316953812308,0.506592844546884,0.0492644870139468,0.0243717644878536,0.0697946894951153,-1.13905557013815,-1.66941941120541,-0.248175643860721,-1.05880569796233,0,1
0.043134074647238,-0.760114028872453,-1.61594404275159,0.238149844014783,1.36706120626962,0.144874873277871,0.49436799337361,-0.420163859578779,1.35387452757295,0,1
1.40789724980509,1.19561247778645,-0.899591388316806,-0.859729510392543,-0.214108266793732,1.4965908091893,1.38522886348935,-0.113787133059778,0.972489252448884,0,0
1.5541675599836,1.09318267194533,0.846791162131203,-0.644873629029522,0.0265500156180337,0.642371595840572,-2.35362811346892,-0.119718267152552,-1.15846774147353,0,1
-0.00810489787579094,-3.03928233257569,-0.50532286913868,-1.53258196609893,0.789845843543607,0.810296800049576,-0.302366946302857,-2.58272504983231,-0.521597787356999,0,1
-0.324303690029804,-1.70642361882033,-1.879910872089,-0.201342687207177,0.328584444124967,-1.1900914439687,1.48061700077218,0.19388387746332,0.294044067150771,0,1
0.251125280822753,-1.32577395968951,-2.28431003411021,1.62084549246206,-1.79165925024796,0.716160615895854,0.0814380633937049,1.02265104502029,1.03549114008413,0,1
-1.2254239172107,-0.0201484256962454,0.156057093393633,1.13949337771381,0.93039222701208,-1.32563247755836,2.04767092798416,1.69398730599748,-0.290558318042215,0,0
1.4560669226592,1.50003910780425,0.667073129295263,-0.359603187324457,0.813677984382445,-0.614900339626494,0.409224776032976,-1.0838171266383,1.0737419263401,0,0
-0.599392792659593,0.948696720268582,-1.58584604495288,-0.522094986362181,0.437338355425062,-0.129455329847156,1.25824627721044,1.37185079562444,-0.614182637228117,0,0
-0.146254527891209,-0.120913598138844,-1.39643010611746,-0.833391677548364,0.747560460810282,0.470284756844572,-0.667745147343806,0.619720125654748,-0.225968087114388,0,0
-0.81389985150026,-0.443682548940775,3.32899492655597,0.425623433230726,-0.408558327282054,0.317460231702221,0.697669200819477,0.0484485198981341,-0.519596373723681,0,0
0.959502638643503,0.2447739564488,0.994054181303628,0.903477810224189,0.834087942532751,0.883334354742649,0.929360725555243,1.59125640947426,0.560759484626881,0,0
0.817222794033814,-1.99675244922128,1.38692469337135,-0.880974173250058,0.636986882881272,-0.168930486999565,-1.43420718076345,-0.286489718178719,0.565210266248698,0,1
-0.266405256393045,0.610584726257111,-2.3443922459411,-0.251492710816708,0.216424841104729,-0.70800476010272,0.333401569123326,2.09377094889226,0.130920308497724,0,0
-0.668481720371099,-0.322116805194419,-0.852534103021427,-1.44474822533349,-1.41150698252479,-0.465704708976537,0.553102827246618,-1.2448139717712,-0.0544235482745564,0,0
1.7541204879439,1.53358253642714,0.481225355535409,-0.144803199107684,0.533022936147595,1.52176859627124,1.53968215910867,-0.823205293346741,1.41724672524245,0,0
0.569214095267303,1.25307376127763,0.637535642587658,-2.55186566601413,0.643736188085432,0.182473945420796,-1.47205740907571,-0.613763522440415,0.242107639502143,0,1
0.962897991000291,-0.814443871179161,-0.783797659387491,-1.27027314604116,0.708958365401172,-0.757777186503001,0.274156786487628,-0.498753494442007,-0.491411641972522,0,0
0.690073112954873,-0.520430945831896,0.800179264503817,-1.84618684526557,0.510972881363993,-0.675963294685813,0.771039339941074,0.543420677034911,1.02297367590876,0,0
1.68727588105947,-0.960863639173208,0.127453241945997,0.0285622174570456,1.98055780624213,0.334688373452333,0.283404623603506,0.931642928042913,2.60342206333253,0,1
1.29540322738615,-0.321224545025483,1.14208984485921,1.82970798124813,0.870764527443152,-0.468342291086077,-1.53040941945106,1.49045486143634,0.445249478838291,0,0
-1.05313539389706,0.655663761447785,-0.901060782802239,-2.67332899072201,-0.647699722838166,-0.468850029105621,-0.0730034840378893,-0.161775591268323,-2.33101037833239,0,1
-0.333094736450785,1.49990759013471,0.631591779082389,-0.758092039155975,0.115375812227263,0.967545169923669,-0.23122769421215,-0.133967857366762,-0.618018223299643,0,0
-0.483538000888995,1.86164961601914,1.14035464363899,0.580853414762262,-0.637494693264032,1.63229896767761,0.136325214549713,-0.609041491709132,0.141594795069121,0,0
-0.193284142939187,-1.60854107995285,-1.14033518287778,0.064822335233532,1.43744558138399,-1.28436215055688,1.24679265990083,-0.812453677248704,-1.24289327465061,0,0
-0.594786759555661,0.170142707821747,0.742435097188328,1.11682637961969,-0.476042913788862,-1.98264399348954,-0.494276419849956,-1.20863213713683,-0.153765405960087,0,0
0.246665284349905,-0.205076277859756,-0.950122939789431,0.911084368877912,-0.568767643479739,0.141265349740438,1.15862011143993,0.767382497604484,-0.720360191379351,0,0
-0.99255487739677,-0.285124550220096,1.51632040128365,-2.08861328659324,1.23480799367967,-0.50217281726638,0.438427534108445,-1.75290877973666,-0.0547831438841915,0,0
0.113350614306352,-0.131610844516875,-1.07870880843165,-0.205812689946663,-0.0343399070791655,-0.748195480931189,-0.674237834683829,-1.39160234766898,0.67381191424264,0,0
1.65883703810535,0.348553989595523,-0.905011300355146,-0.617604753574004,-0.195572109188562,-0.260098153193559,-0.974679532705386,-1.51351436115039,-0.717459279544036,0,0
0.762954221518289,0.371454343960749,-0.34472358136302,-0.268550614407373,0.592838686412197,-0.248558336981165,-0.0739466711951331,0.119008349993438,0.751742676142982,0,0
-0.102429224743816,1.36700467084788,-0.638935995330904,-2.08988570714862,-0.935934569499108,-2.19107750644086,-0.184046036214441,-0.762952260399863,0.608621004943954,0,0
-0.677059751440266,-0.10536077720503,-0.306235780179128,-0.671984728317159,0.383923457008244,3.64460771773409,2.06971728610416,0.154513883970414,0.471618907888857,0,0
-0.0380062839674303,1.19597202614336,0.960867374333716,-0.618639885665541,2.52835959606367,-1.20640183742462,-1.05882159898734,-0.613225321096579,-0.406940824021175,0,1
1.92950979737534,0.400852337712104,-0.559457053554525,0.307653936592819,0.748305922380981,-0.912292189246314,-0.129506507837997,0.593190831026182,1.27714977009659,0,0
0.0412252415666089,-0.434696823205063,-0.206339470990581,-0.130731786256587,0.612527293698851,-0.521687946491133,0.654463059965136,-1.72226482929783,-0.275259703717244,0,0
-0.400247768743778,-0.256270121021326,1.02424296601096,-0.95362692144975,-0.18083046909378,-1.38453045111084,0.88942068997387,-1.9087207505322,1.33043592666558,0,0
0.268530125571488,-0.358158429200445,1.06521255868452,3.01352813968115,1.44381957052385,-0.401601500843312,-0.268913565097948,0.64129852426063,-0.536855337471359,0,0
0.285080608117483,0.454996650068149,1.51226115115049,1.87442570626528,-0.565709323111452,1.60600773928382,-0.562209191061634,-0.307198122709371,0.108983628161105,0,0
-1.53746226126644,1.47747483029622,1.09103784075412,0.651238709430583,-2.38922668289452,2.26409484426021,-0.507807931010336,2.15671175147939,-0.245322711456587,0,0
0.694032671406459,1.23509059268838,-0.391453609265921,-1.96556278981724,-1.50031135905,-0.988354085236441,-0.396147819025417,-2.71943001449859,-0.293120461043207,0,0
0.0445378389545686,-1.02890634095505,-0.547001871860286,-1.0883481332378,0.7099968315198,1.37441171497475,-0.73392288718971,-0.781890408410234,-1.57274529685792,0,1
0.664575867038809,0.355439884113988,0.58169740952989,0.045022383889487,-1.31601991323812,0.672282540173512,1.1544846221736,-0.646237543603542,0.0820938654958301,0,0
-0.234697830951952,0.279787615520697,-1.12882836720903,0.158687420380497,0.195933901055502,-1.5548218193544,0.342261682911102,-0.705994825271141,-0.39669666542654,0,0
1.25667278582908,0.459913103328101,-0.414815285976839,-1.45366776704562,1.18399710139421,-1.08999071570365,1.08813016983123,-0.361292419680961,-0.634918509186225,0,0
1.07105850122711,-0.751278399137166,-0.750912841141214,0.59077301542327,0.187990607468021,1.28338466638117,-0.387276745319832,0.169032362348851,-0.603122492403749,0,0
0.904355248205207,-0.33112202391868,-0.522323045265655,-2.19611866061449,0.633310603364374,-0.485909358629758,1.5587716698018,0.573484258613616,0.0214571441997083,0,0
-0.148987045618674,0.00227054581607533,-0.712059536695489,-1.9683404407342,0.764607684238764,1.38743327374486,0.702456305662177,0.615016886865325,0.289630445640488,0,0
-1.33252015930472,-1.16106441110973,0.982643389067386,-0.32369846492679,0.192778748121047,1.30165871797612,0.257175831532153,-0.630363313768715,0.339072784146675,0,1
0.447015746291029,0.433870459431284,1.04869665092884,0.680753103264329,1.24145165237819,0.636362799666269,1.11760941655483,-1.72488102169816,-1.9746273198022,0,1
-1.1020800210113,2.57757185233742,0.975045969270771,1.06533761794068,-0.832073374137372,0.95511122929731,0.78049047191589,0.0832240687696661,-1.03527341522822,0,0
0.259514702050963,-1.45771379097858,0.335792846392367,1.03515610258762,0.164251026386534,-0.946413280374682,-0.858654810524878,1.04296410880324,1.11508129033991,0,0
0.148770607247154,-0.243271140366928,-2.35300306120061,-1.11252855130539,1.23900910655221,-0.73335375023433,-1.37591715437187,-0.103394221154075,0.11770565014875,0,0
1.05064410260729,0.0313272966566631,-0.348469358223714,0.717377454727085,1.22821433056961,-0.293189136416009,0.0557729687367259,0.338339047706685,0.205357595727149,0,0
-0.707484765129121,0.445739836000154,1.02147998021814,-0.49974792444702,0.213013310776998,-0.0536108792951151,-0.134561423539027,0.150698698613459,-0.280320720399039,0,0
0.098236655361297,0.793682991335498,1.23437988626193,1.31128299442522,0.512374463174965,0.765834651889836,1.24172457434327,-1.25873035630852,-0.0357460612888292,0,0
0.0889475155949126,-0.284516782121799,-0.871886133795454,-0.313504967172249,-1.05036792888436,0.736383678996492,-1.25937839125512,-0.347706542147964,0.962093392553096,0,0
-0.117349240627839,0.970355400394372,0.958826217063728,-0.64719570301909,0.158893553458036,-2.61220024855738,-0.237475162681014,0.102827986536211,0.49612028796858,0,0
-0.145965701988903,0.2542869496334,0.426499135546133,0.904991389518669,0.330942292506375,-0.352265670767095,1.76590396500172,-0.30268728468879,-0.738029574441543,0,0
-0.573950481850379,0.836994410719575,0.287056296944985,2.44142372441161,-1.44551540663375,0.953333574390613,0.251523355089616,2.24387256302779,0.429474903474573,0,0
-0.270263559244484,-0.756150726249468,-0.872643632104996,2.48016576142131,1.6691071256933,0.401524024519301,0.0932475170023171,-0.24225387849956,-1.17073199403968,0,1
0.493697338395202,-0.0878196859287951,-0.28361829159237,-1.88735072228266,0.606772040706274,-1.89859161886197,0.0529883773045663,-0.145240747132897,-0.134193094416431,0,0
1.03467857219748,-0.313204121112225,0.21751233210215,1.40252646884151,1.31240976678095,-1.07567171931276,0.440949632820245,0.579642666826047,0.914316741478623,0,0
-2.02448745810338,1.21314854887968,1.58535231801946,0.0896498157568163,-1.32642849481112,-1.2895755283572,0.916997300647904,-1.01196929059066,0.0632999213084561,0,0
0.680839991983101,-0.667549854821688,-0.0641554099400889,0.456590906136544,-0.306854347890943,-0.152640528095648,0.031939772254797,0.346018411734956,0.106522118175363,0,0
-0.404748059640199,1.7563280638589,1.50035571005871,2.54882816360424,0.488171400199655,-0.205678758831203,0.686429663707102,-0.866473226546966,0.896581954205915,0,0
1.96167411547159,-0.333413051998369,3.85415148243906,1.5134054744024,0.507360559288309,0.532662407701394,0.878848509597616,-0.309127980894246,-1.7911790244358,0,0
1.69789996050192,-0.0136945088309892,-0.659215871367022,-0.69676573447058,-0.560294661891169,0.636443407098658,-0.354578669018013,-2.12127229492943,0.344398556702417,0,0
0.513632318890185,1.51987623025189,0.949814692342227,-0.03879783141501,-3.29747712331285,2.56099082574775,0.463510421930899,-1.51932282286077,-0.354928063667685,0,0
0.0967574818987653,0.310837482596979,-0.219862379415662,0.22515649942523,-1.18993041534026,0.928816703647195,1.10922389981034,0.314589081972511,-1.45017301973063,0,0
2.07648816017908,1.83486166982718,0.0914541439642997,0.955596606903965,-0.087913552048846,-1.65862667874585,-0.703734679331892,-0.363827138217656,0.879832113204398,0,0
0.949491791239563,-0.440471478843185,-1.00790942917159,-0.0414732563133727,-1.62380929727545,1.00697606085009,-0.974184422425342,1.51063079751707,-0.200789465860621,0,0
1.07214807383636,1.32863188962329,0.0669020997004545,1.50617873949925,-1.89859385783519,0.00125352932923304,-1.07705691355253,0.354843205971554,-1.52066118356815,0,0
2.21100511914244,1.70719787283528,0.0760288497684401,1.72905998313361,-0.503214797667076,0.106657860257283,-0.759918179747219,0.495813171047752,0.339820534289488,0,0
-0.071542984717994,-1.73865232356813,-0.823845379487094,-0.975363358974782,-0.327533830107847,-1.82166688535558,0.657196773174281,-0.355886399844947,2.74695483265522,0,1
-0.408373474241742,2.41938913148562,0.348271200757746,0.214477848545953,0.862322482247454,1.54081508934959,0.653134329341385,1.26759531929249,1.01670801148687,0,0
0.687270976108411,0.527332101604671,0.755069880424584,-0.869008633315191,-1.06817186987349,0.321934786954136,-0.65978154318004,0.76589582883465,-2.1177378675467,0,1
-0.480725316971428,1.95432609255207,1.88126768454385,-0.57679373669486,-0.772625128385682,-1.40563407454512,-0.00975763245517689,0.699210400804316,0.0765084971810497,0,0
0.0558793565823031,-0.594398253139141,-0.389173972936033,1.08042979368143,-0.399072684532831,-0.0432631590071731,-0.628299552990427,0.929713198684073,1.34657202607089,0,0
-0.811038261366323,-0.131197921015903,-0.0433755292019053,-0.23415566839956,0.767349232118823,-1.06743952566088,0.256351176988353,0.93118141922561,0.178103681043641,0,0
