intvar8,var14,intvar7,var64,var67,mainvar7,mainvar8,mainvar9,class,pred,pred_type
0.10832082827194,0.867535422428015,1.57569967735317,-0.249366828719328,0.0569297678946624,1.37123897855536,-0.333431388105401,-1.44450030864577,1,0,train
0.831990354514014,-1.62357733199881,1.78615257765247,-0.828313637338383,1.24286778465486,-1.04422049574621,0.909579286843576,-0.654877123412003,1,0,train
-0.413070351049599,-0.0100389469063089,1.86530667046344,0.199092514779638,1.11283411218885,0.187930696667655,-1.29502265280499,0.434771543105375,1,0,train
-0.80378914194528,-0.22474901779087,0.363146936701041,-0.0447991200818393,-0.515929415805395,1.11403557610161,-1.70732866614466,0.379007528692686,1,0,train
0.355694294517052,1.21507599456001,-0.502215763220503,0.739616510981029,-0.496303231316681,-0.465617732811601,0.168218926971787,1.70764769356585,1,0,train
0.557345688766263,0.481977467807783,-1.87450155808817,0.562215005517954,-0.335761874446494,-0.502173654109701,-1.10457164099822,-0.665115878351156,1,0,train
-1.57222414007127,0.393392793955425,0.745259554702431,0.289502974431722,-0.200751576206644,0.383278272299137,-0.565223451055074,-0.822615533031039,1,0,train
0.498312096688449,1.05485190780417,0.997101312025561,-0.30345176722957,0.723939588736454,-2.31649406619669,0.729698336950456,0.708973338018446,1,0,train
-0.533406620074249,0.646177262765318,1.14561481096337,-0.916934382761792,-0.285966122665999,-0.758468965768345,-1.00375011170356,1.122085168337,1,0,train
0.922184896096244,1.53405987541661,-1.82025061063886,0.427372924775011,-1.04196799061764,-0.321222034242003,-0.500306207033633,-0.424586450070144,1,0,train
0.209726650729734,0.411562119468396,0.553386427823145,2.81862137920387,0.698229274250805,0.145561997611658,0.781885637696193,-1.72575286750143,1,0,train
0.0354344614880961,-0.504234781569127,-0.541267802697303,-0.491979590940458,-0.754345732766538,-0.175954573661997,-1.15551191717096,-1.2533609816419,1,0,train
-1.97052531646625,0.391881372727043,1.35172460388137,1.41368022407091,1.70154153165936,0.602775313162548,0.227257257437625,0.331716637919409,1,1,train
-0.0341478244133007,-0.857153705779313,1.09779605052449,-0.637797793847894,1.4134510004333,-0.19178792074129,0.536147405566194,-0.908065224188699,1,1,train
-1.54676175523413,-2.01138593943977,-1.74035484853333,1.42000563988832,-1.82874727896612,-0.2005968524866,-1.01330558708094,1.5246962118552,1,0,train
0.226815765484885,0.323529543605991,-0.892227414606286,-1.91541946315918,-0.609909073033534,1.15347670503197,-1.57016946005701,0.0142315688409485,1,0,train
0.565917557839582,1.16372751973081,-0.192388906387335,-1.15464543770902,-0.257926471226371,-0.667015053770119,0.0744110068692152,0.602304632457904,1,0,train
0.347739485315862,-0.858407061574594,-0.927926641231806,-0.729981822183202,-0.375146233665119,-0.264898465750305,0.617184381793852,-0.94780512585873,1,0,train
-0.94700194693551,0.0933204248891446,0.11853890698542,-1.84827801406948,0.813884594774191,-0.0132394815132701,0.238541325742444,0.296262867022413,1,0,train
0.927046067144943,0.0965503980880296,1.18235511840226,1.31557250602179,0.237627642539228,-1.36893155010637,1.08592993439588,-0.391036295814298,1,0,train
0.142388830450481,-0.456185731385248,0.594450728779463,0.158690129267173,0.287914640135603,-0.59264725873301,0.128832298255926,0.0639952392582246,1,0,train
0.14038474000702,0.537608206019035,0.534312117476851,-0.741546754348855,0.721793992409816,2.54246610929994,0.718536540325779,-0.421574475843895,1,0,train
-0.103378513804267,0.617720208954659,-0.365281911151916,0.604604362149693,-0.201417288691335,-1.20282354781313,1.45242074639204,-0.106352720278905,1,0,train
1.87818601978383,-0.483051231988378,0.365516893604649,1.55333192656333,0.352059395445444,1.48529435485112,-0.501999070587293,-2.4873954830158,1,0,train
-2.09246971055759,0.409058008327206,-1.14375016103843,2.08441861730139,-0.837671152114857,1.27751841717635,-0.286003867826679,0.227248433205546,1,1,train
-1.06753469126285,-0.0560026131314663,0.474852732755661,-0.945931523406965,0.52239545686109,0.783037820543901,-0.789208124707217,2.22159620876012,1,0,train
0.787268662349696,0.237414290697008,0.837686525492027,-0.202805412059722,-0.23204815972518,-0.065166354893992,1.52950196526182,-0.882035611170399,1,0,train
-1.12722287978509,-0.702635057146221,-1.07273048012788,-1.22562813261749,-0.561603015139675,0.540804086694031,0.140606310904614,0.251836709192908,1,0,train
1.39361586133431,2.05701736981746,-3.02210356900205,0.873314588536512,-1.19037601781467,1.3744533811702,0.98003423266733,0.784561878853465,1,0,train
-2.25810980286046,-1.01906067569496,-0.694332325886408,-1.09016893413,-0.73903025284924,-0.044727858249257,1.86067270576809,0.595600571354612,1,0,train
0.384001563059465,0.572527226280959,0.0397256192111806,-1.01640698188543,-1.74479899887226,-0.853934645179749,-0.403354708669086,0.464290212791224,1,0,train
0.814867846713735,0.00185051309064632,0.596682922686401,-0.852779833571848,-0.332308030241363,1.27513551985123,-2.20920478351445,1.41890619870026,1,0,train
0.722314348408603,-1.55597182144789,-1.29016669873493,1.25114843423447,-0.286464639452602,1.33600508306341,0.0962179611580194,-0.284202472085197,1,0,train
1.00392349953061,-0.101971161548183,-0.848923246899243,0.1317683611644,0.485131852893054,-1.05249759159392,-1.27670114893534,0.13177340514492,1,0,train
-0.239432291708008,-0.652320793494592,0.588374661074319,0.457809039094139,1.9865396275424,-1.13856719382081,0.331225708952185,0.84375080521879,1,0,train
0.633340321866159,0.98429574139492,-0.638362211606066,-0.994444866895994,-0.312296044572074,1.80606049540727,1.42933442860491,1.0514333986666,1,0,train
0.5928441207904,0.485876746836601,-0.023139823733981,-1.45537823613202,0.140868632764556,0.445988172859346,0.150031829309377,0.661122659446464,1,0,train
-2.58938415480351,-2.21932195704669,-0.146773748508392,-0.510013190262734,-1.20024379495407,-0.770140782324489,-2.21068405712189,0.377263047197407,1,0,train
0.568065836298777,-0.947994414177536,1.15022404474396,0.189831069794181,1.94057289544084,1.07707146423724,-0.0641147540168888,-0.0905628127138846,1,1,train
0.60220894454988,-0.860702048638286,1.11565685860543,0.411222708764793,2.09998220696723,0.242041827670543,-0.685842499044102,-0.41811877355955,1,1,train
-0.156639323583705,-1.06913659464782,-0.542176083773906,1.56112462182286,-0.27308408719976,1.01246834848858,0.29237897625719,1.04106789148297,1,0,train
-1.12795303061833,-0.0288792163250141,0.888027269522771,1.25503330902356,-0.0608887345997787,0.266776727533159,-0.0552745792561466,-0.637386017784302,1,0,train
0.898326924016719,1.55317429006267,-0.22115520272371,0.484250098823173,0.416313287952246,-0.318130598713637,0.364038944987346,-0.788987090912928,1,0,train
0.133717626690781,-0.0394310930831036,-0.662091941489259,0.985982235842697,0.0907079928422945,0.860470781998201,-0.30573539615081,-0.889959988845314,1,0,train
1.25641815206401,1.94711547227741,-0.964304515419115,1.61312807528351,-0.0924593144672746,-2.01529652723181,3.69573739787095,-0.403404140526753,1,1,train
-0.709864685227663,-2.6682066781432,-2.58201548723095,1.1773772346267,-1.74987088628554,-3.04403325941333,4.13791014307102,-0.709960291131443,1,1,train
-1.73775259794742,0.759755318111568,0.645175346836585,1.02406280295713,-0.250290588009644,-1.60209793971112,4.65013735354121,0.470092211774061,1,1,train
-0.751648850749895,-0.204483103232802,-0.832536889942663,0.239210496400061,0.135080799361002,-3.09532507235906,6.20602794538959,-0.456086594298802,1,1,train
1.32161531380382,1.4301970218252,0.942154099972809,-1.19686673143518,-0.0686391599826867,-0.970989435493522,4.30020914706144,0.315671714015293,1,1,train
0.0702988401788283,0.302573679693645,0.895970100721665,-0.683641039684405,-0.476293781649162,-1.68466441256164,3.91270936952986,1.87547662232638,1,1,train
1.23545579761249,0.591232687893041,0.0566301405672147,0.0555727812775944,1.12412688930809,-0.00673903717845279,3.63477268226986,1.01422971698668,1,1,train
-0.93268617250943,0.282221062296939,0.664484525918329,0.106820802256775,-0.0349028166485576,-2.56522110604763,4.55569427622984,1.10657500666477,1,1,train
-0.165759877862464,-1.48433102687988,0.776554735261994,-2.59666429392776,0.886632390379544,-1.11372517554712,4.8299077792841,1.61721323883788,1,1,train
-1.3727591555736,-0.424082675800761,0.514282326140132,1.77693348164769,-0.521268497732082,-0.476066541733684,2.77211836439268,0.898234440563257,1,1,train
2.3045810406277,1.2347292765446,0.492236396557235,-0.300595937962367,0.0715231034980474,-2.04139624342136,6.06772188434235,0.797457154802268,1,1,train
-0.298799840075983,0.9972033204134,-1.02662147322873,-0.0956855128313231,-1.40773900874065,-2.94382580512961,5.0516494853235,2.36887831951906,1,1,train
0.131011695702533,1.92373109906425,1.36279646216773,-0.333397731700291,1.50623122036265,-0.642659120645189,4.88617460067253,2.48697887775329,1,1,train
0.027856198341841,0.744734220973956,0.88081442894611,0.483967865915467,0.581859743323072,-1.87607938979075,3.03348383649904,-0.452158181449602,1,1,train
1.65142572563006,0.904354621177723,0.713019732773787,0.574361215478096,-0.276136560257083,-1.74944253435583,5.17997265333021,2.18082526868395,1,1,train
-0.914593615978561,1.65581174706326,1.1706464501198,0.135705777742504,0.267095312248618,-3.10459212913682,4.83626396327163,-1.38302122795124,1,1,train
-0.229391708902601,0.299782170515818,-0.219231678353773,1.01832009362893,-1.014064314517,-1.70405453427776,4.18607701011387,0.923753073982596,1,1,train
-0.345265727761791,-0.85481624963409,-0.177968877306477,1.14745516522251,-1.44791078330164,-1.68493937765358,5.80920174224348,-0.0649659151608532,1,1,train
0.102078644188887,-0.0131903883011927,0.531213883480319,0.728468594410351,2.17363832425714,-2.61019454475524,3.27026834942351,0.617460145822866,1,1,train
0.268690957813005,-2.12730868832106,-1.72731847524038,-0.52385029141282,-1.82172730905374,-2.26299354377798,5.44356920579335,0.14516642238893,1,1,train
-0.197851842390566,1.10892952091077,-0.00762494513536088,1.338989269917,-1.00393290084002,-2.91328057656537,5.08808773747594,1.19252296402274,1,1,train
0.61540775607542,0.348123819888244,-0.580607492666896,0.393683805012385,0.1374860427518,-2.11852969241997,4.74020138613491,0.114297579387206,1,1,train
-0.0144517292380822,-0.43943530592187,1.31363709653597,-0.681232528771308,0.199009823338405,-1.70520345946311,4.38901262443809,2.51165800927304,1,1,train
0.546384468632447,-0.457884620836673,0.558814955189404,0.367215507949439,-0.175707679868606,-2.1296661560099,4.2622786598676,-0.0424789106031282,1,1,train
0.840395772568563,0.259229342758877,-1.24652085860286,-1.32183146389722,-2.18363212323035,-1.39645096363398,3.92461958501383,0.409070135891872,1,1,train
-0.946076034756905,0.0489123146812285,-0.978426287743676,-1.21246305721039,-0.622951017373478,-2.96711907869993,3.34696111920801,1.5448710875757,1,1,train
0.647962338040957,0.453686687808531,0.952298280321419,-1.64902960634726,1.26279702777138,-2.97822751076016,4.72111876807866,0.0959383405944249,1,1,train
0.591410702238592,-0.898573877697473,-0.879233696749959,1.98806119660962,-0.862482545029097,-2.25530421810644,4.4514933527321,-1.36544697581132,1,1,train
0.27792746157117,0.813511487209934,1.35770989966513,-0.901927083555258,0.781684306941366,-1.6782461487963,3.52495301858716,-0.449983449116252,1,1,train
-0.696005960899818,1.60885233843654,-0.444860266419695,-1.20617917503761,-0.597860267286629,-2.01651949040874,4.1064409551015,2.36998926207956,1,1,train
-0.46492668677072,-0.689473224943753,-2.08703839858614,-0.366409297069417,-0.528451478584704,-1.19752529753946,4.31182193150444,1.00626763955264,1,1,train
-1.13381426135034,0.4374130512084,-0.662983431444365,-0.739167591309291,-0.585115668581087,-2.71674320221341,2.82970216070958,0.488555044562978,1,1,train
0.506835876456447,-1.48992073306434,-1.31894768027259,1.75304088217842,-1.4178044656435,-2.54554216760684,5.14188655746111,0.0547241430926824,1,1,train
-1.26300294912511,-0.0135813228722435,0.94648412667149,0.503151772917706,0.204461887057954,-2.82131856599297,5.47485673420605,0.036883015741398,1,1,train
-0.174471873613739,-0.604822566975835,1.08293680348923,-0.465465184747047,0.62130137841013,-2.18843577687516,3.27461572319578,-1.29828958012791,1,1,train
-1.7079550326056,0.63744097921715,-1.2903792281582,1.55020444326499,-0.489085830262836,0.0470577749186725,4.60930502285252,1.18101395628878,1,1,train
-0.631874563641468,1.57123641383437,0.185810553819144,-0.0487747693666172,0.0985282105577728,-2.56448505706008,5.35423879627828,1.01562842193608,1,1,train
-0.215464931584208,2.05465130374658,-0.331015436961693,1.35437369865077,-0.422994342704996,-2.26823013442079,3.37569527594273,-0.703418054774573,1,1,train
-0.931231193404881,-0.0225935308593764,0.970960111472741,-1.57277450038934,0.836184936837215,-0.161191382011393,3.68331301647029,1.64038069054171,1,1,train
-0.54247226026299,0.271653182211338,0.960838024534431,1.73419111582511,0.305680154413842,-2.79340352140695,2.34912882822199,3.06564094554543,1,1,train
-0.619687181284926,-0.669867057474323,-0.580309464803009,-0.17941100648822,-0.339962607830521,-3.62742075613987,4.92864126026069,0.996634750669103,1,1,train
0.184925024281401,-0.263839810605424,-0.0135872761484088,-0.309443484577322,0.605838672983026,-1.75929303970938,3.06828433945728,1.88732316001252,1,1,train
0.582570680920338,0.310991024748235,-1.39008883081952,0.060699567657545,-0.470307803972021,-2.3642933403031,5.15789850347951,2.3989992049972,1,1,train
-0.552445180951566,0.450987539502453,-0.280953835607431,-0.549360994563531,-0.184803536830764,-3.2277012118495,4.52519364096877,-0.0549629902005569,1,1,train
0.304769476237129,-1.49911960315885,0.36389087297818,1.46561027407384,-0.577468638890899,-0.915716070846355,4.40837655506916,0.396501618545378,1,1,train
2.04549494263521,-0.596356779186515,1.00608839699684,0.253530374177328,-0.823418894888796,-2.33613293343378,5.40913631628451,0.799000475235975,1,1,train
-0.448802816810619,1.73828916340697,1.6183658079095,-0.645878890235957,-0.350488461513419,-1.32965161524678,4.04568488488675,-0.00163079182949641,1,1,train
0.198895349229321,-0.852633580899541,-0.48732670497685,0.938098824659344,0.25891381617447,-2.56133193300004,3.78285161821116,0.41436233221893,1,1,train
1.01150481378757,-0.725593055412399,-0.78759773505829,0.908533842547163,-0.857380003272937,-3.69491537495788,3.82720907239127,0.958258086504513,1,1,train
0.207457660829805,2.37122929696803,0.295191337205492,-1.06071499875562,0.251054775203398,-1.54087690739124,3.81532743331071,0.00312537373823565,1,1,train
-0.321797488338597,-0.281096540057749,0.554525997489127,-0.597182528815573,0.715960942863126,-0.533020771083892,2.80506248432812,1.58618174245596,1,1,train
-0.261457246862583,1.18275927837306,1.56511066257156,-0.646377431531562,1.15354741935818,0.404438437047699,4.3199882341224,0.669284748624227,1,1,train
-0.636156388879601,-1.80971576753954,-0.440666695582714,1.23171745490381,1.17517432883831,-2.55658847136836,3.60922061363617,1.6546546312065,1,1,train
0.79236913353598,-2.34504601452258,0.853775790629113,0.608016527100642,0.0702504919356085,-0.653471444935818,3.57104033939535,0.82801184427655,1,1,train
0.0686608766070219,0.300859485876629,-2.16669601450612,-0.503081108392717,-1.65445021897991,-0.496081866712655,5.27174726508593,1.82742054232682,1,1,train
-0.749202023959704,-0.521922140266683,0.23110520936372,0.782946044644581,1.26676600391872,-2.93385949902034,4.85829482085704,-0.325700223094385,1,1,train
-0.618862548468647,0.240384268721654,0.481002733692316,-1.8887160158016,0.509947483883479,-1.81853611875568,3.58645466466736,1.30546232215576,1,1,train
1.07920670875031,-0.0508068870851986,0.328834856528377,-0.615911595582481,1.50590686670406,-3.34116325412114,4.82093049182006,-0.378874475736649,1,1,train
0.564238249095302,-0.0598499132401807,0.0698470933522301,0.207357347251925,0.152123011467967,-2.38726454435646,4.7444400818135,1.0548195433486,1,1,train
0.188583515954135,-0.426670395657531,-1.11772681053101,-0.442328975809839,-1.5030494107399,-1.63085272948136,5.01679187866803,1.85455568114738,1,1,train
1.3368479488588,2.03165818772584,0.312181962927994,-0.0785432226219498,1.2513205889841,-1.94872661553225,6.0274415528712,1.71413571750292,1,1,train
1.82292653771946,-1.05534283170907,-0.239898676098836,0.0836121402216151,-0.344133290957977,-2.65492247479265,3.36658307960502,3.39264354070182,1,1,train
-1.91559575581297,1.3808901572847,0.836847198907729,1.37628514016138,1.02799791282985,-3.69608806854892,4.55560887907135,1.57936538945359,1,1,train
0.227883998575551,-0.0123335869478742,-0.109179811494225,-0.306326862373737,-0.718835362721369,-1.0509602950286,3.26361034650525,0.772559477351218,1,1,train
1.23765595547015,0.973645305550949,-1.37518583850395,-0.817477904016574,-1.1052961456175,-2.30685544037618,5.07315760005449,0.787999725833272,1,1,train
1.78948717684548,0.218005597132025,0.0921201833203781,0.395890198592256,0.616891320112883,-3.25240295806581,4.63926612135644,2.90530488713192,1,1,train
1.26809141807454,1.06586989944862,0.775473732096823,0.578279005407227,0.313324294564044,-1.20607804030342,6.56344018159745,0.0932292571142304,1,1,train
-0.521315124698924,0.477047775222521,0.769130699542725,-1.47964712628267,1.01292326650837,-0.754089353265657,2.56538582171603,-0.613561912655756,1,1,train
0.0824412144164928,-0.183677421055209,-0.0315190488391419,-0.588596776880716,-0.255699485263284,-2.42672138985845,4.8912684796255,-0.209519192172205,1,1,train
-1.885695541043,-2.47120237149193,-0.751145442765037,-1.59542940752889,-0.761695338770475,-1.0744511002155,4.24161012782225,0.602716930526887,1,1,train
0.210746463330969,-0.741140369509866,-1.45082217100051,1.11879240557923,-0.228826544562483,-2.21119142171172,3.56831602776756,0.114318235723387,1,1,train
1.16576636716518,-1.0646934758875,-0.378564558966373,-0.204249874772524,-1.42620882373066,-1.17835704741618,2.7391934279678,0.816277321785422,1,1,train
-0.711736834683587,-1.03241970009449,-0.745224895710975,1.66147329159558,-0.916548807101322,-3.68423330519313,2.75094924886635,-0.530946181390863,1,1,train
0.213508987442012,-1.37043573967716,-0.860978216537138,1.67392465816712,-1.56323770493849,-4.258469238428,5.12780062533595,2.03621921966956,1,1,train
1.00637473034751,0.865306076597973,-1.11577076444743,0.661682826045705,-1.13917620899414,-2.80922131209482,4.66292493911478,0.458892358060566,1,1,train
1.36723020010122,-0.087201184671148,1.24656001869052,0.728722024444637,2.29115483003017,-2.06384595976792,4.36690727254619,0.543959503505391,1,1,train
0.219862101496997,0.217527773655585,-0.438313556614948,2.06126977365257,-0.193162426370061,-1.82115989741118,3.95943046049612,0.776943817834764,1,1,train
0.0621786588150623,0.80639661953531,-0.537846659756354,-0.927154816424685,-0.0838584772670884,-2.73187046982655,4.87274658034946,0.175322858893861,1,1,train
-0.841999951829921,-0.815777266520454,1.09694133592723,-1.29296987732801,-0.371139959557233,-3.38275658256089,5.01091423262013,0.350959279698211,1,1,train
-1.28180839061365,-0.176719792454609,0.480251117088433,-0.725680736958677,1.27217068023268,-1.06362559798848,4.58406524050738,1.94259839444144,1,1,train
-0.412232613412854,0.517387819668131,-0.896615776038121,-0.645025117297286,-0.677826658922943,-0.604152811831178,4.58707560374452,-0.350575079541757,1,1,train
-0.116504001075723,0.205757920772322,-1.39266461370497,-1.57541078201684,-0.191325455374782,-2.04164005823164,4.74203716255378,0.532618799787742,1,1,train
0.294932716742209,-0.557460505555048,1.53845106093541,1.39398000869593,0.633606624295871,0.349315980391081,5.83486523695805,1.24251405300851,1,1,train
0.45424120865496,0.982551143031456,-0.718098942646689,0.390865726016675,-0.21436945434269,-2.59597820629202,4.73623795175944,1.86624103072018,1,1,train
-0.442673871978059,-0.16305645386387,-0.132055611563327,0.201044360536575,0.460547936455087,-3.08737987322075,4.60009544088211,0.960067163939592,1,1,train
1.12054903509609,0.648820670613097,-0.572025376897346,-0.14524701890225,0.188365703423132,-3.61415770551256,4.17942685591295,1.71472567424392,1,1,train
-0.540632941723874,-0.366210323857208,-0.610011635329215,-0.77658303081227,0.00571535149859175,-2.33745423432914,5.57009297410733,1.47357465255691,1,1,train
1.35948600420364,0.294742027016537,-1.48199989781861,0.260076804155273,-0.873415381000343,0.654172939180289,3.63243556337346,1.08551219122549,1,1,train
0.411091706138322,1.37771228517792,0.745710839440539,-1.12563808397569,0.57209524611341,-1.47282323869638,5.06282430689509,0.0297633438220571,1,1,train
-0.518604415366345,-0.43173032100989,-0.522137762040464,-0.538693145240478,-0.620097122264879,-2.61360359886156,4.92274113855815,1.45838165133624,1,1,train
-1.47465419215042,0.287030648629118,0.704474198844058,-1.03379871576987,1.29035509246174,-2.03905691931103,4.14638426952132,1.8587915504834,1,1,train
-1.52626069251041,0.639177490626101,0.583184780807467,0.0608504469987774,-0.0109741285153907,-2.44801149213712,5.46560004083356,1.42168241552772,1,1,train
-0.831264199340874,-0.618383805980173,0.29338429619344,1.1977271739998,0.495538473434384,-3.46866187758434,3.92635394596242,0.414461838507259,1,1,train
0.810541236858461,0.259392790914618,1.2259232477137,-0.620731935089313,-0.186621035110737,-1.70366271616718,5.57295217703883,1.48008158663151,1,1,train
0.70230484324942,0.949129267765359,1.4766328789699,0.390421587587222,2.39819010525916,-2.38770259676124,4.31130958338549,0.708379056213054,1,1,train
0.286796229623786,-0.546952383027013,-0.185664313733961,0.847225508490643,-0.670328253574763,-2.64935371646259,3.21749727650309,0.702412851873707,1,1,train
-0.887512959649118,-1.0622121289975,-0.382184148778224,-2.51747345965598,-2.33920800018825,-1.3283835018298,5.25287567850605,1.15538361216294,1,1,train
-0.127126487772564,0.970556931309207,-0.45317397689344,0.350938381740708,0.294943445201535,-3.20883099638851,2.44506605032936,0.843852560817429,1,1,train
-1.14863505865717,-1.40461715460182,-1.25440565693128,-0.516746291374723,-1.0548007316468,0.540340830801505,5.24419448594809,1.60350765336612,1,1,train
-0.796915353737491,-0.153639404088441,1.33353335347474,-0.47904204926588,1.1157082227092,-1.30881215500447,3.70612820455739,0.699014740223878,1,1,train
0.256136140066692,0.58963339035295,1.48491576716838,-0.748412330140732,-0.597766771100586,0.978883937079214,-1.55312906947899,2.38036955995473,0,1,train
-0.460261704640296,1.15366586791351,1.20781730502641,0.220391117376092,0.424243986225117,-0.0443883108274609,0.383832043904235,2.41385830276336,0,0,train
-0.614449141286258,-1.02165990642583,-1.3841428121451,-0.314356038838929,-0.404062813304626,0.892834665531457,-0.0127613868498028,0.884115733353217,0,0,train
0.967780877997096,0.412408092951831,0.0237894157404745,-0.558806413062396,-0.78215879362264,0.112675320669426,-0.000263739934493636,-0.200005741972338,0,0,train
0.523232564190336,-0.913892083463755,0.512622764821024,-0.0980835447626112,-1.67358110847648,-0.556043849587208,0.333802532071868,-0.214394552710396,0,0,train
0.905226659242491,-0.253766259093241,-1.19122720248196,0.793237678582987,1.28810981756208,-0.547492524442826,0.911391324087975,0.410589899300821,0,0,train
-1.03727000693666,-0.258457374763966,0.236885380963753,-0.0806638386141219,-1.18818361209742,-0.529796274127057,1.59460543997934,0.459960386083362,0,0,train
0.481014384066677,-0.492639985585421,0.609867490687922,0.954851276263549,-1.49922322603137,-0.84926747806569,-0.129987503415186,-1.49270747595089,0,0,train
2.10004223257013,0.110697864545434,-1.19475618947265,0.0212109856489719,1.43582949491895,-1.77536872998637,1.43227698147415,-1.21644354238273,0,0,train
-1.78636619492291,-0.44230406919386,-0.249331320720853,-0.402268313800808,-0.77640368841789,0.245578325113066,-0.29358933061808,0.761719968684597,0,0,train
-0.23402377435235,1.47031059898712,0.403123739886225,1.80256622418375,0.120059044453217,-0.468802970235223,0.322251673950408,-0.562582900964155,0,0,train
-1.80304244974597,-1.56011844689814,1.12639696623349,-0.289930014274717,-0.581311354992788,1.34352348977163,-0.562225642549243,-0.331741470014587,0,0,train
-0.31948824515981,-1.61047819916651,-0.157463293264381,0.587556026471325,0.608235007827653,-0.518231673431709,1.00446325330555,2.14614643349539,0,0,train
0.388045773281135,2.10777054114076,-0.472158607453964,0.906032872731059,0.00203259578550486,-1.05810635613764,0.927788053433774,-1.83352676630571,0,0,train
-1.35433225072682,0.252712093989961,-2.00450847194822,0.0102164281720263,1.29035324891341,-0.774895944017407,-0.203426197057859,0.185523404320465,0,0,train
0.310728252579626,-0.474807297446184,0.371192384324727,-0.755027506268678,-0.716809064866767,0.494584635057736,-1.07278001457098,-1.8538693653592,0,0,train
0.456715311414996,0.946645489153508,0.729782763179048,-0.420913899258407,-1.43330848636727,1.036826999755,1.11531900314951,0.323466027690736,0,0,train
0.601456862343343,1.00811030835144,-0.917934402888125,-1.07061022776856,1.07692125647232,-0.576039910266349,0.250369926281931,1.30263876596501,0,0,train
1.57201894001508,-2.00017061555693,-1.96200196579934,-2.34825252724314,0.947980210475742,-0.161863667201196,-0.150117473826333,0.0797663244778602,0,0,train
-0.634909351854344,-0.195286692636657,0.0474270058990743,-1.36964134546496,-1.37516831603096,0.673456627404293,0.145264079106663,2.82926717580194,0,0,train
0.20680751046567,-2.30219893865919,-1.3921929419994,0.040199633781745,1.21025742630405,0.199003297203241,-0.779160888048908,0.408092538460617,0,0,train
0.274200492568401,-0.0284550063136379,0.218736874476847,0.0403871833910088,-0.993945730177151,0.0587028008829792,0.852891773839351,-1.09268611540211,0,0,train
0.866707303040155,0.191239016832105,0.0241876696079493,-1.06883731162138,0.262988027719707,-0.0366345394631454,-0.170800868915035,-2.55906370179158,0,0,train
-1.99591443445065,-0.981154904054233,0.055322153177578,-0.288678549132404,-0.542052843303728,1.60972424996835,-1.83398576642017,0.13654050430171,0,0,train
0.951363725581522,1.54992144819574,1.45249123836642,3.12433281852425,-0.383898805835922,-0.435234509733927,-0.0785371152391915,0.282230300117423,0,0,train
-0.491869553326042,-1.4276120581063,0.40920210455499,1.58591518928062,-1.59823354571627,-1.04758279108339,0.637202096043063,0.463256285634467,0,0,train
1.57492077143374,0.708250694735584,-0.0598470055031762,-0.811306965096818,0.540360152231132,-0.558366607451198,0.862456364036687,0.402349825860362,0,0,train
-0.294949969186833,-1.65286732030947,0.0638803829799588,0.351958189874492,-0.239477364784488,-0.339874171974509,-0.879427311818135,0.958478788833542,0,0,train
-1.90576458586994,-0.416940366402834,0.218426673889377,-0.751178634397576,0.191316974283982,-0.0898230032010807,1.24298225517611,-0.699151025665567,0,0,train
-0.877720770260476,-0.775296643734328,-1.5890900927913,-0.0518417394062949,0.243821682347858,0.859033116377892,0.541120388910765,-0.456081324763206,0,0,train
0.8228706963156,1.82149564312997,0.841853021150942,-3.140469955111,-1.26668480150417,-0.398923547897782,-0.675904129338439,1.23844384904626,0,0,train
0.877037019831606,-0.946256367292495,0.951654771619101,0.639695761937759,-0.883917488928874,-0.839298571180684,0.452877442713251,0.961760267352071,0,0,train
-1.27607750544524,0.322168748801887,1.67119895701583,2.14240746907233,-1.18986384313521,-1.35957288374305,0.233504946470704,-1.49019616720023,0,0,train
-0.588411748746111,0.116304944467299,-0.0173324361652868,-0.202862190158348,0.0728517343312629,1.51904457117971,0.000665598183393275,0.55937115329518,0,0,train
-1.07733547341178,1.48228882294922,0.120115252314056,-0.729947109680319,-0.211825310845751,-1.16614730192432,-0.0906976229950141,-0.647319814018458,0,0,train
0.447587385163249,-0.550200959236822,1.86769471260284,0.809178436632603,-1.65949673500499,0.211669003527737,-1.17961137768321,-1.12318204797967,0,0,train
0.30230756782775,-0.436219541138006,-0.515844281615786,-0.0557873308722022,2.08297080231454,-0.0123189716749897,1.68208313391874,0.152478159471724,0,0,train
-0.34296866623416,0.851517938312003,1.18827732165739,-0.491577193891003,-0.701909265322866,-1.66739250917062,1.32073578701707,-0.181590412600928,0,0,train
0.738935841514531,0.98555143887997,0.380801165564332,2.17208451224365,-0.102490909658943,-1.04356020230286,-0.0336446444191864,0.460183226215145,0,0,train
-0.905405047972747,0.841415624450851,-0.446957090299772,-0.754064602880659,-0.357323952120084,-0.807744717411644,-0.224614728313553,1.14549747237005,0,0,train
-1.17040032599024,0.0276000088217984,-1.09879664789244,0.22745124263945,0.614505165064541,0.429647100877223,1.34707473408936,-1.71719294598862,0,0,train
0.813724311765113,-0.435460927267325,-0.780081025074229,0.08047337790516,0.269799907211081,0.786042663718786,-0.495778787005163,0.545988101649489,0,0,train
2.18682138050043,-0.746372435515205,-1.54908248040704,-0.522370083717525,1.85077913951797,-0.489499696229187,-0.761856146057515,2.73719002215228,0,0,train
1.1162770790505,0.597703776722812,-0.471738079031301,0.860872245799199,1.41052407022723,0.530984798216487,0.674255435546024,0.830966805383277,0,0,train
-3.59359748714139,-1.26823403027479,-0.77227515284594,-0.886567625696175,1.87409974817255,1.86089681162816,-1.75025266839758,-0.789849530813732,0,0,train
0.68922050665614,0.250443776497095,-1.93172089430572,0.155649291715937,1.62258484997208,-2.15943635098368,-1.32762876577439,-0.111888946056808,0,1,train
0.534234184496178,0.972376518108411,-0.10925492760842,-0.22040410581218,-0.677199293013942,1.52968842991127,-0.690865712521427,0.887623102569233,0,0,train
-0.14051068967214,1.61360600604285,-0.301552413226181,0.110491377133242,-0.384861877273546,0.329918668071767,0.290842696317158,0.861278069213732,0,0,train
-0.363200521437907,-0.508504060705848,-0.971357748566726,-2.12981204167681,-0.641280690954155,-0.220086579953588,-0.503756525707877,0.630468461272959,0,0,train
1.81068990573616,0.823996057657195,1.58585636024027,0.410609507235164,-0.886400262896385,0.00333693866179273,-1.27935998889851,0.342101843492973,0,0,train
0.279046133050051,1.89202809206861,0.316283085964784,-0.45864366586127,1.11687561489828,-1.37252755477932,0.930489260529504,-0.777436675426585,0,0,train
2.01219806092052,1.57448323241978,0.615356698938412,-0.523061991122724,-0.223353615285058,1.20253431485032,-0.2444794563371,-0.474867346658581,0,0,train
-1.06477202586611,-0.336226826934083,0.927699754554402,0.0874349550051281,-0.660208706794383,-0.399635866705377,0.316127550580059,1.37538278526411,0,0,train
-0.838570528230133,1.01797135903014,0.294420247094246,-0.817920667389111,0.32400115972828,0.285455252643473,1.18378150814998,0.781518294708304,0,0,train
-0.50201132289671,0.687187301181131,-0.271285616489266,-1.11349827491257,-0.478124223444467,-0.439115189231003,0.77136736404726,-1.07332809977481,0,0,train
0.873758952049129,2.65735212890313,1.26357544943306,-0.0101823810731037,0.548597469972313,0.762161959177552,1.4818358991821,-1.03657462590836,0,0,train
1.28842061450742,0.0833167477624732,0.0224118203386012,-0.107434736597749,0.484134522587848,1.67962234708973,-0.487037847195462,-0.443129253980461,0,0,train
-0.295064627353908,-0.657949112806112,-1.69588113028881,-0.251254571903561,1.08396146173506,-0.00163333188859504,-0.277456536660312,-0.303938544230341,0,0,train
-0.689598726047345,-1.0247691108689,0.04813403878639,-0.475922407750109,-1.06727557071359,-0.857714278655023,-1.0497415410817,-0.705404332711049,0,0,train
0.373059131507213,0.112204401712931,-0.703080472961873,-1.41308191515575,0.594230435802455,-0.585614497631257,-0.027711784733329,-2.75368743099948,0,0,train
-0.221255294977374,-0.0266229686133784,1.3029461493142,1.69207929482931,-1.25133653441776,-1.23390157967678,-1.26575970865347,-0.513231198246432,0,0,train
1.26768350501744,-0.3683769724682,-0.575540250270645,-0.94553898028728,1.37683728492777,-0.546280432067835,-1.25828751081644,0.798485523594405,0,0,train
-0.60438071818851,0.759019814440513,0.0345325980710881,-0.0100473779618779,0.361849933606402,-1.15728790789763,0.877938412033634,-0.949695865567675,0,0,train
0.438353415817574,-0.565077253544798,0.509593672954177,-0.293329360131945,-1.56813071321326,0.867548949241937,-0.859010698343594,0.755782347889762,0,0,train
0.00423944676687388,-0.516407843048112,-1.86885594267042,-2.83061133473154,0.0627377380908456,-0.683904322863825,0.144447714912086,0.366400151056346,0,0,train
-1.45536777921355,-1.01324765091677,-0.726130055747993,-0.718686314716508,-0.459453470318819,1.16561049973216,-0.594502866151873,0.365913450208,0,0,train
1.49549713083562,1.27441687445538,-0.0819283136847466,1.87791960086661,0.64966468631623,-1.04752431559327,-0.475365577975228,0.27927102998694,0,0,train
0.181670532740035,1.59163497787984,2.03991556033295,0.704062293678887,-0.951184143385792,2.06051551450101,0.641668919755567,-0.988108613523811,0,0,train
1.72956415509393,0.0234148359433615,0.477313439807887,-1.40912399344137,0.244753385634863,-0.325054484740441,0.196059846900808,-0.165370284228959,0,0,train
-0.223054834759485,-0.961538218457539,0.23227109445324,-0.817848508034755,-0.728879482733744,0.824675699438748,-1.30233639226091,-0.00900143247432291,0,0,train
0.375499554494987,-0.0622455180964829,2.08305653052221,0.90000695427486,-0.489140382647227,-0.359092064455961,0.506050502202782,1.24035967018334,0,0,train
0.199912108851463,2.14595095057137,-0.590340828077495,-0.868901709007065,0.563786582299689,0.82597667914949,0.676957433504906,-2.39911321985684,0,0,train
-1.18614034090138,0.902558566824978,0.822237337864112,-0.0010508156308002,-0.64100154488011,1.13086708939086,-1.09512905832987,0.0329976827340275,0,0,train
0.80311865579202,-0.469045745187365,0.324764222033396,0.221710190888063,-0.363873215446197,-0.878995648090735,1.32660666558666,-1.55690495955883,0,0,train
-0.518804316023782,-0.236250974035354,0.530319635262729,-0.00771894816804495,-0.0953056535668912,0.068965737663593,0.138822014319054,0.607251509607088,0,0,train
-0.62506511093886,-2.99858261274445,0.278681958792164,-1.61127854139621,-0.237437881334063,0.204393986880418,0.549443668261673,0.214719852295289,0,0,train
-0.30837957388221,2.26662836936448,-0.76972010636598,0.773191515414149,-0.242075709130362,0.899073570896441,-0.318872638904085,1.25283517692712,0,0,train
0.667772876139404,0.161494065876416,1.51957356627522,2.48224864569934,-1.46098616047027,-0.882054772903453,0.683461633829104,0.0931270555802766,0,0,train
2.11778103150463,1.11242306343643,0.179889154381934,-0.0827196257261222,-0.239786880592683,1.41104249443956,0.750235960704047,-0.426643498717214,0,0,train
0.745257272232836,-1.09494559950705,-0.0419446392406281,1.27054010791624,0.167809507372233,0.233947919904527,-0.658147430008596,0.158033411731041,0,0,train
0.65041055166416,0.361574348404222,-1.17078572010141,0.233780774826584,-0.893253650095976,-1.09845228627734,-0.749721333818684,0.299039250132155,0,0,train
2.41730276117737,2.01910933718203,0.855230392733627,-0.380345792956442,-0.685762099838891,1.57036547554157,1.20501948794307,1.80890189884775,0,0,train
-1.36310778781104,-0.788259630920008,0.124794898853467,-1.52175746058996,0.0826217316013018,-0.924198759097332,-0.965118162414246,0.19550104271092,0,0,train
-0.471383335039232,1.95099987337187,-0.819138538989287,1.07231860187943,0.382179921360733,0.272383363395886,1.64308423639799,1.83238148020963,0,0,train
0.327620092532807,-1.98783210750987,-0.343687263415449,1.7584053359494,-0.253995250739927,0.12883375394343,0.470696397911165,-1.95346862807773,0,0,train
-0.0252237876810428,0.303901392736673,-0.328310658480991,-0.950934572418975,0.523311803383353,-0.406358331327467,0.548951512081325,-1.37784860867785,0,0,train
-0.16091040902594,0.0544120017016252,-0.668746681669269,1.41443694942904,1.12608864186963,0.323482480130228,1.14914270433691,0.193396428349439,0,0,train
0.797751244090417,0.763395739844058,0.269222378569849,-0.746545684118249,0.329849568211945,0.256502254900916,-1.21633587700257,-0.704520329085039,0,0,train
-0.83674286096856,0.510317595037626,-1.22033799379366,-0.794260185937401,0.636082908208013,1.8344762275901,-1.67926048751486,0.139676145047858,0,0,train
0.191781097911843,-0.499877301302453,0.063917417837333,1.165279470244,-0.10662911833045,-0.162838770434391,0.686898780599395,-1.24351821851258,0,0,train
0.798187183141437,0.2588955095604,-0.274262427578368,0.3895735693787,-0.122615200797626,0.195661211831147,1.19030332511963,0.177325574001738,0,0,train
-0.650899944434989,-2.67745942250045,-0.00801196313314331,0.396893348856598,-0.937305576251144,-0.223035945945115,-0.659900411428949,-0.38042421029486,0,0,train
-0.571301767292978,-1.25464165952343,2.51666286193861,0.101170159999121,-1.84771509797359,0.803449798482719,0.676396312949993,-3.12746938227629,0,0,train
-0.00686276933958452,-1.59383066993754,1.26196442648121,-1.65284866846078,-2.74263493524458,-0.990584677481532,0.904725389965968,-1.32979085445361,0,0,train
0.223521261555757,-0.437073737679067,-0.199880087253798,-1.17141441273858,-1.09280951328222,-1.04735469276076,0.0549127551221144,-0.271703923555721,0,0,train
0.00675811143426379,0.556718558177196,-0.585087405721494,-2.70127356646665,0.708707312410697,1.13173497265457,-1.38695684059753,1.10897441851422,0,0,train
0.816731746819869,-0.736705261537562,0.994497904389372,0.144119640549291,0.226292126024972,0.516433925103894,1.97512403416367,0.386905160923514,1,1,TN
-1.60277172317021,0.978093037457683,0.290478101481488,0.92093903011767,-0.11049816424879,1.18772246775434,0.758171388794145,0.209289003083825,1,0,FP
0.00108085797645024,-0.0153630702797598,-0.612159870994248,1.53889813181184,-0.0876254883955516,-0.800080408697748,-0.623739030136384,-0.0981380715803366,1,0,FP
0.88635054442127,-0.699146048877687,-0.539386577133967,-1.49847666772847,-0.43194158169569,0.676645351253148,1.2702301009584,-3.2743628496172,1,0,FP
0.523253198605577,-1.64647128427062,-0.933688387819533,-1.18830625644506,-1.30715623152317,0.997820881405453,2.03823036178327,0.228340401973953,1,1,TN
-0.23500199251927,0.34247853021136,-0.722550385599388,-0.596033622029379,-1.06733438963702,0.919787878729023,0.267316061375202,-0.0653241138546008,1,0,FP
-0.0882305733209322,0.479303333336105,0.296398512642489,0.0069813050391983,0.388613960880716,0.522112099776888,-0.555236707152377,1.73050520289366,1,0,FP
-0.12348788781953,0.549968817134856,-0.108109099993633,1.5356399923693,0.16190414027253,1.30678700407928,-0.174108939299167,-0.915046672002331,1,1,TN
-0.373612514167123,-0.786840041181544,-1.4590442951213,-0.271786808731666,-1.08227529505549,0.149177104543841,-0.780386977410209,-1.5383282267303,1,0,FP
-1.28411274920156,-1.04373495817317,0.792390704468914,0.7196973196822,0.665223287602039,-0.5203559767934,0.302922895524509,-1.37984096202376,1,0,FP
-2.33289827798587,-1.05640909414096,-2.21116799207534,-0.456572238174952,-1.3498424725157,-0.270710670127971,-0.229662586968264,-0.909970575626647,1,0,FP
-0.694841501974959,0.113834947574256,-0.866442422326792,-1.0256459121504,0.0121118418734867,-0.0507608970373168,0.757531644864175,0.989424011151676,1,0,FP
1.16142832897091,0.144749800242945,1.6380997172824,0.292440998383904,1.02877855118603,-0.400525296893984,-0.403481721877972,0.30599704291878,1,1,TN
-0.972529817972531,0.198390156958737,0.331014803865909,-0.590131435528687,0.703444253307308,-2.96833251533639,-0.0151264878344157,-2.73068086221337,1,0,FP
-1.55399056630462,-0.406905812574901,-1.59454312099209,0.608174861404992,-0.664308133702931,-1.65353789143805,-0.309344578339671,-0.355484577545941,1,0,FP
-1.34980629559052,0.651916352589202,0.457048891800876,-0.586338716354095,-0.867196428711133,-1.07517346171977,0.374354076636447,-0.535526000224841,1,0,FP
-0.258176021244446,-1.28407345449986,0.270186022268581,0.0423620920670943,0.0672505234593164,-3.03461174183297,4.16497109932039,1.400559061529,1,1,TN
-1.81521478159224,-0.220124099141753,1.81170190431258,0.759693680366516,1.07409277234934,-2.15879279452427,4.86290998446743,1.01591926816474,1,1,TN
-0.866850067595426,-2.22339882563112,0.0431986634510795,-1.86946601033118,-0.419767599231665,-1.39815349066397,4.26410752198266,-0.276669450916,1,1,TN
0.145017350500162,0.198803330467467,-0.73150455228011,-0.546328772725065,-1.25828804203613,-2.4868405847547,3.72931182463609,0.706147536346164,1,1,TN
-0.942066069253727,0.772597696955915,0.506466246091855,0.753888266884246,-0.525088993368039,-2.20588995263009,4.42363360414531,0.211542339027716,1,1,TN
1.28388992193088,0.123626355440778,1.12997649133464,0.758004520644979,0.661693066102295,-0.967388353763364,4.21195011296569,1.20081841507553,1,1,TN
1.27074565094129,-0.463921649352858,0.662182380963792,-0.0331584688931392,0.35707118964146,-0.808033067398889,4.09005193756046,0.468288619493367,1,1,TN
0.34419875914044,-1.7442436037395,1.17619872980383,-2.12881885795387,1.85367202901978,-1.81681135993569,2.80400603917098,-1.00938751265683,1,1,TN
-0.974060573977949,-0.5087455647313,-0.372924807077403,-0.505352766817961,-1.13301514503752,-2.21398191231719,5.40275891930254,1.20838391517879,1,1,TN
-0.658929473415249,-0.718289317926467,0.729320027593027,0.445897124649812,1.48032541711745,-2.43218046662891,3.54090402788433,-1.13787610937852,1,1,TN
0.374760399598775,-0.814565365545274,-0.351994986343235,-1.7490405162505,-0.605428520375739,-1.00666980218069,4.00847856867351,1.59102958333065,1,1,TN
0.364779375633118,-1.73903997002967,2.0121769896514,0.370328081546085,0.112916586641572,-0.876417699518412,4.87345098303557,-0.281532692530558,1,1,TN
0.5806401892959,0.0912244205164962,1.16381277638916,0.867418912932057,1.10711241062576,-1.58032434393988,5.30409791090953,1.29042712393799,1,1,TN
1.58333846296579,1.87482812065005,-0.565924577457873,-1.42026234884924,-0.12248750746377,-1.47725897163783,5.59107673391573,0.854148509076507,1,1,TN
-1.14857840184808,1.19075174860214,-1.02833247507829,-0.207237178482857,0.217080053898012,-1.75746902912356,5.38454465415393,1.99995949961357,1,1,TN
0.539022902882198,1.19349210000224,1.9088862510394,1.63691466799872,0.967711907285649,-2.29259844641554,4.5307110442499,-0.31334717541967,1,1,TN
-0.218576828740183,-0.542489863509587,-0.682047068634779,0.402749084564876,-0.453639192204801,-2.9001801877698,3.27503074392331,0.441387614677523,1,1,TN
-1.9923119293215,-0.582889329400496,-0.788649041026243,-0.0814311233019013,-0.79616145584277,-1.80235544511199,4.25492663528875,1.37765743395876,1,1,TN
-0.788275122998663,0.92917628732006,0.0845854388427442,0.736366175300146,1.97659854372386,-3.21466581660302,3.91559470756538,0.296693477985266,1,1,TN
0.537790336725165,0.54013914921705,0.235170894401859,1.16846271311384,-0.0918621621443733,-1.05501594724445,3.94208152809319,0.384513293806875,1,1,TN
-0.855229820435048,-2.07000435814665,-0.812097263151512,0.384049955625077,0.46040949976081,2.40977550170467,-0.217906685419911,-1.63457865974512,0,0,TP
-0.39216775866135,-0.267145808568306,-0.81193149842273,-1.0031221612607,-0.42751277376291,-0.556872899315362,-0.528240684880531,-0.940680682074629,0,0,TP
-0.886923525167219,1.20776682591974,-0.0966573692914419,-2.48818773051089,1.16699059604738,0.894279054910858,0.204717081690458,0.802150670822796,0,0,TP
-1.9106270139075,-2.18583985802207,-1.41667664003702,-2.37661724856606,0.660547065219987,0.0540440803450667,-0.0130347128448339,0.23945141884609,0,0,TP
-0.409815526460202,-0.751473485177557,0.769473061453568,1.49677050391621,0.338479038754127,1.06709763766743,-0.776412995442107,-0.65456986467472,0,1,FN
-1.44179516510348,-1.10414808916604,-2.27926350916603,0.406098863177266,1.645595996671,-0.297307400334634,0.0856346746506313,-0.591313086808127,0,0,TP
-0.695218473168154,-0.630766254396507,-1.31259597331356,-0.331357265638157,0.051181643153722,-0.893852256117771,-0.468314451365712,-0.188036045502248,0,0,TP
-1.13862309556746,0.558811636032274,0.574122326003007,-0.318548915862028,-0.484854472292711,-0.572680001775312,1.00158403050117,1.05118957905919,0,0,TP
0.0536068258084194,0.153883836854205,-0.342947510822824,-0.925810811436349,-0.0655875082604518,-0.492350858627797,0.135948430586828,1.56604665509392,0,0,TP
0.204977317011532,0.229532433864004,-0.0772286138323344,-1.11581699534423,0.554639299868943,1.31403535720178,1.74479724229421,0.315837058522891,0,0,TP
-0.100783987805286,-0.85060980700926,0.171200716008279,0.484627069537923,0.306835371266244,-0.534148508591881,0.284232202445904,-0.441162712995124,0,0,TP
0.116571364365611,-1.22978187473407,1.69072941720466,1.53201295195369,-0.366887400695267,-0.927727543605016,-0.214210708848408,-0.587068351923784,0,0,TP
0.112860866001346,0.865831941243063,1.46220686104856,0.194842338463392,-1.35723224161303,1.03543334595575,-1.77947707592667,-0.0718506902563434,0,0,TP
-0.43305248928351,-0.761649263575141,-0.383526771745784,-0.157107175925034,-0.396766209305411,1.17296623546336,1.69619550576409,-0.61383903369848,0,0,TP
-0.0180784063656975,0.672442909137905,1.32643049007348,1.38917081289633,-0.483221361604288,0.636721681463089,0.413933762882027,0.572935010518425,0,0,TP
0.104124014834582,0.234566579771997,2.02489743477966,-0.421726384516218,-3.15538162621524,0.372875842063759,-1.14525483695725,0.632966298403349,0,0,TP
-0.176015811701667,0.553548545034897,-0.33384394710997,-0.434688686723189,0.785006866565519,-0.480175045970412,0.0449877405504011,0.758114747779333,0,0,TP
-1.26066289392186,-1.42373648517543,0.668016176715559,-0.334102039169743,-1.36460505588586,-0.143223603739885,1.04708283524616,-0.00283896099501925,0,0,TP
-1.44867857391832,-0.12413871256221,1.05713769679825,-1.19462151653902,-1.30303201775503,0.643157983867109,0.642770491635017,0.46091339944524,0,0,TP
0.959774028701435,-2.8283528932837,0.129088514364043,-0.942210571137044,-0.971190028465267,-1.72704362182648,0.0524205793304518,-1.35273107432282,0,0,TP
1.27961368708983,0.683009556401442,0.906325001103777,-1.16106893130063,-1.11939831957587,0.201116051081094,-0.622320273361111,-0.995091912659666,0,0,TP
0.542062703256366,0.292381385199272,2.1361700022683,1.91260571755403,-0.766425893497375,-1.22098007560058,0.672654792220843,0.187838714867274,0,0,TP
0.716283374637993,0.561459514045506,1.08416492109482,0.819342411595888,-1.75498606124705,-0.802459274860622,0.880671791935206,-0.421175530454456,0,0,TP
-0.850600311654058,-1.0570687408463,0.694377711242131,-0.107413271593859,-2.07548513160512,1.43963786995139,0.0858208173201731,-1.66745333490213,0,0,TP
